,,,,
"Category Default List","","","","Generated Date: 08-DEC-2025 16:55:00"
"","","","",""
"Category list","","","",""
"Id","Description","Short Name","Prod",""
"","","","",""
"'@ID'","DESCRIPTION","SHORT.NAME","PRODUCT",""
"1000","****Demand Account****","Demand Acct","AC",""
"1001","Current Account","Current Account","AC",""
"1002","Current Account with Overdraft","CurrAcc with OD","AC",""
"1003","Current Account (Premium)","Premium C/A","AC",""
"1004","Current Account (Student)","Student C/A","AC",""
"1005","Export Packing Credit","Packing Credit","AC",""
"1006","Call 2","Call 2","AC",""
"1007","Prefer Current Account","Prefer Current","AC",""
"1008","Current Account (Group)","Group C/A","AC",""
"1009","Current Account (Subsidiary)","Subsidiary C/A","AC",""
"1010","Credit Cards","Credit Card","AC",""
"1011","CT Account","CT Account","AC",""
"1012","TR Account","TR Account","AC",""
"1013","Mirror TR Account","MTR Account","AC",""
"1014","SA Account","SA Account","AC",""
"1015","CS Account","CS Account","AC",""
"1019","ABC","ABC","AC",""
"1025","Savings Account - External","Savings A\c Ext","AC",""
"1026","Checking Account-External","Checking A\c Ex","AC",""
"1342","Personal Finance Repayment","PERFINREPAY","AC",""
"1343","Broker Settlement Accounts","BROSTLACC","AC",""
"1999","***Demand Accounts","Demand Acct","AC",""
"2000","*** Vostro Accounts","Vostro Acct","AC",""
"2001","Vostro Accounts","Vostro Accounts","AC",""
"2999","*** Vostro Accounts","Vostro Acct","AC",""
"3000","*** Loan Accounts","Loan Accts","AC",""
"3001","Mortgage Account","Mortgage Acct","AC",""
"3100","*** AA Loan","AA Loan","AC",""
"3101","AA Commercial Loan","AA Comm. Loan","AC",""
"3102","AA Personal Loan","AA Pers Loan","AC",""
"3103","AA Mortgage","AA Mortgage","AC",""
"3104","AA Negotiable Loan","AA Neg Loan","AC",""
"3105","Home Equity Loan","Home Loan","AC",""
"3106","Line of Credit","AA LOC","AC",""
"3107","Home Equity Line of Credit","Home Loan","AC",""
"3109","Vehicle Loan","Vehicle Loan","AC",""
"3110","Mortgages-External","Mortgages-Ext","AC",""
"3111","Single Level Facility","Single Facility","AC",""
"3112","AA Technical Loan","AA Tech Loan","AC",""
"3113","AA Student Personal Loan","AA Stud Pers Ln","AC",""
"3114","Personal Finance","Personal Fin","AC",""
"3115","Retail Murabaha","RETMRBHA","AC",""
"3116","Retail Ijara","RETIJARA","AC",""
"3148","Manufacturer","Manufacturer","AC",""
"3149","AGENT","AGENT","AC",""
"3199","****Not used****","Not used","AC",""
"3201","****Not used****","Not used","AC",""
"3202","****Not used****","Not used","AC",""
"3203","****Not used****","Not used","AC",""
"3204","***Not used***","Not used","AC",""
"3205","****Not used****","Not used","AC",""
"3301","Mortgage Facility","Mort. Facility","AC",""
"3302","Term Facility","Term Facility","AC",""
"3303","Corporate Deal","Deal","AC",""
"3304","Drawings","Drawings","AC",""
"3305","Revolving Facility","Revolving Facil","AC",""
"3314","Borrowing Base Facility","Borrowing Base","AC",""
"3591","Mudaraba Settlement","Mud Settlement","AC",""
"3610","Deposits-External","Deposits-Ext","AC",""
"3701","IS Murabaha Finance","IS Murabaha","AC",""
"3702","IS Ijara Finanace","IS Ijara","AC",""
"3703","IS Wakala Finance","IS Wakala","AC",""
"3704","IS Musawama Finance","IS Musawama","AC",""
"3705","IS Qard Hassan Finance","IS Qard Hasssan","AC",""
"3706","IS Forward Ijara Finance","ISForward Ijara","AC",""
"3707","IS Diminishing Musharaka","Dim Musharaka","AC",""
"3708","IS Bai Salam Finance","IS Bai Salam","AC",""
"3709","IS Commodity Murabaha","ISComm Murabaha","AC",""
"3710","IS Construction Finanace","IS Cons.Finance","AC",""
"3711","IS Mudaraba Financing","ISMudaraba Fin","AC",""
"3731","Pay In 3","Pay in 3","AC",""
"3732","Pay In 3 Months","Pay In 3 Months","AC",""
"3733","Past Purchase","Past Purchase","AC",""
"3999","*** Loan Accounts","Loan Accts","AC",""
"4000","*** Margin Accounts","Margin Acct","AC",""
"4999","*** Margin Accounts","Margin Acct","AC",""
"5000","*** Nostro","Nostro","AC",""
"5001","Nostro Accounts - Banks","Nostro - Banks","AC",""
"5002","Nostro Accounts - Central Banks","Nost CentralBnk","AC",""
"5003","Nostro Accounts - Post Office","Nostro-Post Off","AC",""
"5999","*** Nostro","Nostro","AC",""
"6000","*** Savings Accounts","Savings Acct","AC",""
"6001","Savings Account","Savings Account","AC",""
"6002","Savings Acct Non Resident","Savings NonRes","AC",""
"6003","Notice Account","Notice Account","AC",""
"6004","Savings Account (Child)","Child SB Acc","AC",""
"6005","Staff Account","Staff Account","AC",""
"6006","Notice 2","Notice 2","AC",""
"6010","*Mortgage Savings Accounts*","Mortgage Saving","AC",""
"6501","Savings Plan","Savings Plan","AC",""
"6599","*** Savings Accounts","Savings Acct","AC",""
"6600","***AZ Deposits","AZ Deps","AC",""
"6601","Short Term Fixed Deposit","ShortTermFD","AC",""
"6602","Long Term Fixed Deposit","Long Term FD","AC",""
"6603","Commitment Savings","Savings Plan","AC",""
"6604","Floating Rate Time Deposit","FloatRt TimeDep","AC",""
"6607","Recurring Deposit","Recurring Dep","AC",""
"6608","Rollover Deposit","RolloverDep","AC",""
"6709","AA Savings Plan","AA Savings Plan","AC",""
"6999","****AZ Deposits****","AZ Deposits","AC",""
"7000","*** Provisions","Provisions","AC",""
"7001","Specific Provision on Loans","Spec Prov Loans","AC",""
"7499","***Specific Provision on Loans","SpecProvLns","AC",""
"7900","*** Other Specific Provision","OthSpecProv","AC",""
"7999","*** Provisions","Provisions","AC",""
"8000","*** Other Client Accounts","OthClientActs","AC",""
"8001","Sundry Debtors","Sundry Debtors","AC",""
"8011","Sundry Creditors","Sundry Creditor","AC",""
"8012","Accounts Payable - Add Pay","Add Pay Accts","AC",""
"8999","*** Other Client Accounts","OthClientActs","AC",""
"9000","*** Contingent Clients Accounts","ContClntActs","AC",""
"9001","***Cheques Sent on Collection***","CheqSentonColl","AC",""
"9015","Off Balance Sheet Limit","Off Balance She","AC",""
"9999","*** Contingent Clients Accounts","ContClntActs","AC",""
"10010","Funding","Funding","AC",""
"10200","*** Cheques & Clearing Items","Cheqs&Clrg","AC",""
"10201","Cheque Paid - Sent for Collection","CheqPaid - Coll","AC",""
"10299","*** Cheques & Clearing Items","Cheqs&Clrg","AC",""
"10900","***Other Items","Other Items","AC",""
"10910","Outstation Chqs sent for Collection","Chqs sent Coll","AC",""
"10915","Foreign Chqs sent for Collection","Chqs sent Coll","AC",""
"11000","*** Fixed Assets","Fixed Assts","AC",""
"11010","Land","Land","AC",""
"11099","*** Land","Land","AC",""
"11100","*** Buildings","Buildings","AC",""
"11101","FASB loan internal category","Cat for FASB ln","AC",""
"11105","Building - Own Usage","Building - Own","AC",""
"11115","Other Buildings 1","Other Building1","AC",""
"11116","Other Buildings 2","Other Building2","AC",""
"11117","Other Buildings 3","Other Building3","AC",""
"11118","Other Buildings 4","Other Building4","AC",""
"11119","Other Buildings 5","Other Building5","AC",""
"11199","*** Buildings","Buildings","AC",""
"11200","*** Movable Assets","Mvble Assts","AC",""
"11205","Furniture/Equipment","Furniture/Equip","AC",""
"11210","IT Hardware","IT Hardware","AC",""
"11215","Software","Software","AC",""
"11220","Vehicles","Vehicles","AC",""
"11221","Other Movable Assets 1","Movable Asset1","AC",""
"11222","Other Movable Assets 2","Movable Asset2","AC",""
"11223","Other Movable Assets 3","Movable Asset3","AC",""
"11224","Other Movable Assets 4","Movable Asset4","AC",""
"11225","Other Movable Assets 5","Movable Asset5","AC",""
"11226","Other Movable Assets 6","Movable Asset6","AC",""
"11227","Other Movable Assets 7","Movable Asset7","AC",""
"11228","Other Movable Assets 8","Movable Asset8","AC",""
"11229","Other Movable Assets 9","Movable Asset9","AC",""
"11230","Other Movable Assets 10","Movable Asst10","AC",""
"11251","Consolidation Washthru (TFS)","TFS Consol","AC",""
"11399","***Other Movable Assets","Other Movabl","AC",""
"11400","***Other Fixed Assets","OthFixAsts","AC",""
"11460","FXIAS UNREALPFT RESERVE","FXIAS PFTRES","AC",""
"11461","EXCHANGE ADJUSTMENTS","EXCH ADJ","AC",""
"11499","***Other Fixed Assets","OthFixAsts","AC",""
"11900","*** Participations","Participati","AC",""
"11910","Permanent Participations","Permanent Parti","AC",""
"11999","*** Participations","Participati","AC",""
"12000","***Transit Assets","Transit Asst","AC",""
"12010","Commission Receivable","Comm Recvble","AC",""
"12013","Deffered Charges -Accounts","Deffered Chg-AC","AC",""
"12099","***Commission Receivable","Comm Recble","AC",""
"12100","***Prepaid Expenses","Prepaid Exp","AC",""
"12105","Rent","Rent","AC",""
"12110","Insurance","Insurance","AC",""
"12115","Travel","Travel","AC",""
"12199","*** Other Prepaid Expenses","Oth Prep Exp","AC",""
"12200","*** Tax Receivable","Tax Recble","AC",""
"12205","Tax Receivable","Tax Receivable","AC",""
"12206","VAT Asset","VAT Asset","AC",""
"12215","AA Deposit Tax Receivable","AA Dep Tax Rec","AC",""
"12399","*** Tax Receivable","Tax Recble","AC",""
"12400","*** Other Transit Assets","OthTransAst","AC",""
"12499","*** Other Transit Assets","OthTransAst","AC",""
"12600","*** Accounts Receivable","Accts Recble","AC",""
"12610","Accounts Receivable","Accounts Receiv","AC",""
"12649","*** Accounts Receivable","Accts Recble","AC",""
"12650","*** Sundry Debtors","Sundry Debt","AC",""
"12655","Sundry Debtors","Sundry Debtors","AC",""
"12699","*** Sundry Debtors","Sundry Debt","AC",""
"12700","OUTPUT GST PAYABLE","OUTPUT GST","AC",""
"12701","INPUT GST","Input GST","AC",""
"12800","*** Inter-Branch","Inter-Branc","AC",""
"12801","INTERCO-IA","INTERCO-IA","AC",""
"12802","INTERCO-IF","INTERCO-IF","AC",""
"12899","*** Inter-Branch","Inter-Branc","AC",""
"12900","*** Other Assets","Other Asset","AC",""
"12905","Petty Cash","Petty Cash","AC",""
"12910","Stamps","Stamps","AC",""
"12999","*** Transit Assets","Transit Asst","AC",""
"13000","PO Suspense","PO Suspense","AC",""
"13051","FX fees","FX fees","AC",""
"13052","Return Charge","Return Charge","AC",""
"13053","PSD Leg-in charge","PSD Leg in","AC",""
"14000","*** Suspense AC","Suspense AC","AC",""
"14002","AA PM REPORTING","AA-PM REPORTING","AC",""
"14005","Suspense Debit Accounting","Suspense Debit","AC",""
"14010","Suspense Credit Accounting","Suspense Credit","AC",""
"14011","AL Balancing Entry","AL Bal.Entry","AC",""
"14012","IF Balancing Category","IF Bal.Category","AC",""
"14013","MDMC ROUTING ACCOUNT","MDMC ROUTING","AC",""
"14015","Online Account Closure Suspense","OnlineAcctClose","AC",""
"14016","AL Position Account Category","AL Pos Acct Cat","AC",""
"14018","IF Position Account Category","IF Pos Acct","AC",""
"14020","Suspense","Suspense","AC",""
"14022","Currency Mismatch Suspense","CCY Mismatch","AC",""
"14025","Cheque Clearing Suspense","Chq Clrg Susp","AC",""
"14027","Cheque Return Suspense","CheqRetSusp","AC",""
"14028","Inw Clg Contra","Inw Clg Contra","AC",""
"14029","Inw Clg Returns","Inw Clg Returns","AC",""
"14030","Inw Clg Debit Suspense","Inw Clg Dr Susp","AC",""
"14031","Inw Clg Credit Suspense","Inw Clg Cr Susp","AC",""
"14039","*** Suspense AC","Suspense AC","AC",""
"14040","*** Suspense DD","Suspense DD","AC",""
"14041","Direct Debit Claim","DD Claim","AC",""
"14042","Direct Debit Stand Alone","DD StandAlone","AC",""
"14043","DD Suspense","DD Suspense","AC",""
"14044","DD Suspense","DD Suspense","AC",""
"14045","suspense category for RC","Rc suspense","AC",""
"14046","Draft Suspense","Draft Suspense","AC",""
"14047","Suspense category for RC","RCSUSP","AC",""
"14049","*** Suspense DD","Suspense DD","AC",""
"14050","*** Suspense DC","Suspense DC","AC",""
"14051","IFRS DC Suspense","IFRS DC Susp","AC",""
"14055","Daily Difference in DC","Daily Diff DC","AC",""
"14056","IFRS DC Daily Difference","IFRS DCdlydiff","AC",""
"14059","*** Suspense DC","Suspense DC","AC",""
"14060","*** Suspense FT","Suspense FT","AC",""
"14065","Suspense FT","Suspense FT","AC",""
"14069","*** Suspense FT","Suspense FT","AC",""
"14075","Suspense Debit LD & MM","Susp Debit LMM","AC",""
"14081","Non-Customer Settlement Category","Non-Cust Settle","AC",""
"14085","Suspense Credit LD & MM","Susp Credit LMM","AC",""
"14157","Sight Discount Suspense","CUSDEBIT","AC",""
"14158","AA Difference Suspense","AA Diff Susp","AC",""
"14181","Securities Value Dated Suspense","SC ValueDtSusp","AC",""
"14191","Accrued Interest Suspense","Accr Intr Susp","AC",""
"14192","Broker Charge Suspense","Brok Chg Susp","AC",""
"14193","Account Balance Suspense","Acct Bal Susp","AC",""
"14212","AL Spot Revaluation","AL Spot Reval","AC",""
"14213","AL IF Revaluation","AL IF Reval","AC",""
"14262","IFRS Fairvalue","IFRS FV","AC",""
"14263","HFT Unreal Profit reval","HFT Unreal Prft","AC",""
"14264","HFT Unreal Loss Prov","HFT Unreal Loss","AC",""
"14265","IFRS account for FV","FV account","AC",""
"14266","IFRS account for FVEquity","FV equity acct","AC",""
"14311","****Not Used****","Not Used","AC",""
"14312","***Fixed Asset CWIP***","FA CWIP","AC",""
"14313","****Not Used****","Not Used","AC",""
"14314","Not Used","Not Used","AC",""
"14315","Not Used","Not Used","AC",""
"14316","****Not Used****","Not Used","AC",""
"14450","ACU/DBU INTERBOOKING","IBE","AC",""
"14560","Syndicated Funding","Syndicated Fund","AC",""
"14650","Merchant Suspense account","Merchant Susp","AC",""
"14660","Repayment Suspense account","Repayment Susp","AC",""
"14670","Fee Income Suspense account","Fee Income Susp","AC",""
"14680","Refund Excess Suspense Account","Refund Susp","AC",""
"14690","Past Purchase Suspense account","Past Pchse Susp","AC",""
"14700","AA Suspense","AA Suspense","AC",""
"14701","AA Loans write off","AA write off","AC",""
"14955","Netting Supense Account","Netting suspens","AC",""
"14999","Take Over Suspense","Take Over Suspe","AC",""
"15000","*** Liabilities","Liabilities","AC",""
"15005","Managers Checks","Managers Check","AC",""
"15020","Bills of Exchange issued","Bills Exch Iss","AC",""
"15099","***Other Monetary Paper","Oth MonetaryPap","AC",""
"15100","*** Genl/Spec Provision Loans","GenSpcProvLoans","AC",""
"15105","OD/Loans General Provision","OD/Loans Genera","AC",""
"15150","Specific Prov on Loans-Standard","SpcProv-Standd","AC",""
"15155","Specific Prov on Loans-Sub Standard","SpcProv-SubStd","AC",""
"15160","Specific Prov on Loans-Doubtful","SpcProvDoubtful","AC",""
"15165","Specific Prov on Loans- Losses","SpcProv-Losses","AC",""
"15199","*** Genl/Spec Provision Loans","GenSpcProvLoans","AC",""
"15200","*** General Provision Others","Gen ProvOths","AC",""
"15201","Local Cheques sent for Coll Contra","ChqssentColl","AC",""
"15205","General Provision Others","GenlProv Others","AC",""
"15210","Provision for Unreal SC Loss","ProvUnrlSC Loss","AC",""
"15290","Prov for Participation","Prov for Partic","AC",""
"15299","*** General Provision Others","Gen ProvOths","AC",""
"15300","*** Other Liabilities","Other Liab","AC",""
"15910","Outstation Chqs for Colln - Contra","ChqsColl Contra","AC",""
"15915","Chqs sent on Collection Contra Frgn","ChqsColl Contra","AC",""
"15999","*** Liabilities","Liabilities","AC",""
"16000","*** Prov for Depr on Fixed Assets","Prov for Dep","AC",""
"16005","Prov for Depr on Land","Prov Depr Land","AC",""
"16099","*** Prov for Depr Land","ProvDeprLand","AC",""
"16100","*** Prov for Depr Buildings","ProvDeprBldg","AC",""
"16105","Prov for Depr Building - Own Usage","ProvDep BldgOwn","AC",""
"16110","Prov for Depr Other Buildings 1","ProvDepBldgOth1","AC",""
"16111","Prov for Depr Other Buildings 2","ProvDepBldgOth2","AC",""
"16112","Prov for Depr Other Buildings 3","ProvDepBldgOth3","AC",""
"16113","Prov for Depr Other Buildings 4","ProvDepBldgOth4","AC",""
"16114","Prov for Depr Other Buildings 5","ProvDepBldgOth5","AC",""
"16199","*** Prov for Depr Buildings","ProvDeprBldg","AC",""
"16200","*** Prov for Depr Movable Assets","ProvDeprMA","AC",""
"16205","Prov for Depr Furniture/Equipment","ProvDepr Fur/Eq","AC",""
"16210","Prov for Depr IT Hardware","ProvDepr ITHwre","AC",""
"16215","Prov for Depr Software","ProvDepr Sware","AC",""
"16220","Prov for Depr Vehicles","ProvDepr Vehs","AC",""
"16221","Prov for Other Movable Assets 1","ProvOthMovAsst1","AC",""
"16222","Prov for Other Movable Assets 2","ProvOthMovAsst2","AC",""
"16223","Prov for Other Movable Assets 3","ProvOthMovAsst3","AC",""
"16224","Prov for Other Movable Assets 4","ProvOthMovAsst4","AC",""
"16225","Prov for Other Movable Assets 5","ProvOthMovAsst5","AC",""
"16226","Prov for Other Movable Assets 6","ProvOthMovAsst6","AC",""
"16227","Prov for Other Movable Assets 7","ProvOthMovAsst7","AC",""
"16228","Prov for Other Movable Assets 8","ProvOthMovAsst8","AC",""
"16229","Prov for Other Movable Assets 9","ProvOthMovAsst9","AC",""
"16230","Prov for Other Movable Assets 10","ProvOthMovAst10","AC",""
"16399","*** Prov for Depr Movable Assets","ProvDeprMA","AC",""
"16400","*** Prov for Depr Other Fixed Asset","ProvDepFA","AC",""
"16499","*** Prov for Depr on Fixed Assets","ProvDepFA","AC",""
"16500","***Margin Accounts Internal***","MarginAccts-Int","AC",""
"16599","***Margin Accounts -Internal ***","MarginAccts-Int","AC",""
"16601","Goods in Transit","GIT","AC",""
"16602","Purchase Order","Purchase Order","AC",""
"16603","Purchase","Purchase","AC",""
"16604","Multisupplier","Multisupplier","AC",""
"16605","Down Payment","Down Payment","AC",""
"16606","Retention","Retention","AC",""
"16607","Liability Transfer","Liability Tfr","AC",""
"16608","Reviewer Payment","Reviewer Pymt","AC",""
"16609","Repossess","Repossess","AC",""
"16610","Outright Sale","Outright Sale","AC",""
"16611","Wakala Settlement","Wakala Sett","AC",""
"16612","Sale Settlement","Sale Settle","AC",""
"16613","Buy Broker","Buy Broker","AC",""
"16614","Sell Broker","Sell Broker","AC",""
"16615","Internal Booking Cm","Int Booking Cm","AC",""
"16616","Internal Adjust Cm","Int Adjust Cm","AC",""
"16617","Internal Booking Pm","Int Booking Pm","AC",""
"16618","Internal Booking Py","Int Booking Py","AC",""
"16619","Internal Waiving Cm","Int Waiving Cm","AC",""
"16620","Broker Fee Wash Category","Bkr Fee Wash Ca","AC",""
"16621","INVENTORY","INVENTORY","AC",""
"16624","Installment Discount Payable","INSDISPAY","AC",""
"16625","Discount from Vendor","DISVEN","AC",""
"16632","Used Asset Settlement Category","SETTLECATEG","AC",""
"17000","*** Transit Liabilities","Transit Liab","AC",""
"17100","*** Prepaid Income","Prepaid Inc","AC",""
"17105","Rent received in advance","Rent recd adv","AC",""
"17199","*** Other Prepaid Income","Oth Prpd Inc","AC",""
"17200","*** Tax Payable","Tax Payable","AC",""
"17205","Tax Payable","Tax Payable","AC",""
"17210","Capital Gains Tax","CapitalGainsTx","AC",""
"17215","Withholding Tax","Withholding Tax","AC",""
"17217","VAT Payable","VATPAYABLE","AC",""
"17218","VAT Payable on Down Payment","VATPAYDP","AC",""
"17220","Derivatives Tax","DX Tax","AC",""
"17255","****Not Used****","Not Used","AC",""
"17256","SADAD FEE PAYABLE","SADFEEPAY","AC",""
"17257","****Not Used****","Not Used","AC",""
"17258","****Not Used****","Not Used","AC",""
"17301","Capital Gains Tax","CapitalGainsTx","AC",""
"17305","Tax Payable","Tax Payable","AC",""
"17399","*** Tax Payable","Tax Payable","AC",""
"17400","*** Other Transit Liabilities","Oth Trans Liab","AC",""
"17499","*** Other Transit Liabilities","Oth Trans Liab","AC",""
"17500","*** Coupon Payable","Coup Payble","AC",""
"17549","*** Coupon Payable","Coup Payble","AC",""
"17550","*** Accounts Payable","Accts Payble","AC",""
"17555","Accounts Payable","Accts Payable","AC",""
"17560","Brokerage Payable","BrokeragePayble","AC",""
"17566","Insurance Fee Collected Payable","InsFeeCollPyble","AC",""
"17599","*** Accounts Payable","Accts Payble","AC",""
"17600","*** Sundry Creditors","Sundry Cred","AC",""
"17605","Sundry Creditors","Sundry Creditor","AC",""
"17649","*** Sundry Creditors","Sundry Cred","AC",""
"17900","*** Other Liabilities","Other Liab","AC",""
"17904","TAKAFUL CLAIM - ASSET","TKFLCLMAST","AC",""
"17905","TAKAFUL CLAIM - LIFE","TKFLCLMLIF","AC",""
"17906","API Cost Payable - Simah Upload","ACPAYSMHU","AC",""
"17907","API Cost Payable - Simah Download","ACPAYSMHD","AC",""
"17908","API Cost Payable - Rusoom","ACPAYRSM","AC",""
"17909","API Cost Payable - Nafith","ACPAYNFTH","AC",""
"17910","Rusoom Fee Payable","RUSFEEPAY","AC",""
"17911","API Cost Payable - Yakeen","ACPAYYAKN","AC",""
"17912","API Cost Payable - Nafath","ACPAYNFTH","AC",""
"17913","API Cost Payable - Emdah","ACPAYEMD","AC",""
"17914","API Cost Payable - Tahquq","ACPAYTQQ","AC",""
"17915","API Cost Payable - IVR","ACPAYIVR","AC",""
"17916","API Cost Payable - SMS","ACPAYSMS","AC",""
"17917","API Cost Payable - Tameeni","ACPAYTMN","AC",""
"17918","API Cost Payable - Qarar","ACPAYQRR","AC",""
"17919","API Cost Payable - AML","ACPAYAML","AC",""
"17920","API Cost Payable -IBAN Verification","ACPAYIBVER","AC",""
"17921","API Cost Payable - Commodity Broker","ACPAYCMDBR","AC",""
"17922","API Cost Payable - Voucher Provider","ACPAYVPVDR","AC",""
"17923","API Cost Payable - Tawtheeq","ACPAYTTQ","AC",""
"17924","API Cost Payable - SAP","ACPAYSAP","AC",""
"17925","Stock Exchange Fees","Stock Exch Fees","AC",""
"17927","Stamp Tax","Stamp Tax","AC",""
"17999","*** Transit Liabilities","Transit Liab","AC",""
"18000","*** Capital Liabilities","Capital Lia","AC",""
"18005","Capital","Capital","AC",""
"18010","Legal Reserve","Legal Reserve","AC",""
"18020","Statutory Reserve","Statutory Reser","AC",""
"18030","Other Reserves","Other Reserves","AC",""
"18040","Retained Earnings Previous Year","Retain Earnings","AC",""
"18045","Retained Earnings Last Year","Retain Earnings","AC",""
"18046","IA Retained Earnings Last Year","Retain Earnings","AC",""
"18047","LG Retained Earnings Last Year","Retain Earnings","AC",""
"18048","IF Retained Earnings","IF Ret Earn.","AC",""
"18999","*** Capital Liabilities","Capitl Liab","AC",""
"19000","***Contingent Accounts","ContingActs","AC",""
"19005","**Cheque Sent on Collection-Out**","CheqsColOuts","AC",""
"19010","Travellers Cheque Stock","TC Stock","AC",""
"19015","Off Balance Sheet Limit","Off Bal Limit","AC",""
"19020","AL Forward Position Account","AL FWD Posn","AC",""
"19021","FX Spot Position Account","FXSP Posn","AC",""
"19022","FX Forward Position Account","FX Fwd Posn","AC",""
"19030","IF Forward Position Account","IF Fwd Posn","AC",""
"19100","Contingent Difference/Suspense","Cont Diff/Susp","AC",""
"19105","Non-utilization fee Debit","Non-util fee Dr","AC",""
"19110","Non-utilization fee Credit","Non-util fee Cr","AC",""
"19150","DC Suspense - Contingent","DC Susp Cont","AC",""
"19151","DC Daily Difference - Contingent","DCDlyDiffCont","AC",""
"19152","IFRS DC Suspense - Contingent","IFRS DCsuscont","AC",""
"19153","IFRS DC Daily Diff - Contingent","IF DCdlydiffco","AC",""
"19505","*Contra Cheque Sent on Collection*","ContraCheqsCol","AC",""
"19510","***TC Stock Contra***","TC Stock Contra","AC",""
"19999","***Contingent Accounts","ContingActs","AC",""
"20000","***Foreign Exchange","Foreign Exch","FX",""
"21005","****Not used****","Not used","LD",""
"21006","****Not used****","Not used","LD",""
"21007","****Not used****","Not used","LD",""
"21008","Discounted Deposit","Disc Deposit","LD",""
"21009","****Not used****","Not used","LD",""
"21029","*Loans & MM Liabilities Clients*","LMM Liab Clnts","MM",""
"21030","***Loans & MM Liabilities Banks","LMM Liab Bank","MM",""
"21200","***Repo","Repo","MM",""
"21250","***Reverse Repo","Reverse Repo","MM",""
"22900","*SY Dual Currency Deposit*","SY DCD","SY",""
"22901","SY Discounted Share Purchase","SY DSP","SY",""
"22902","**SY OTCCRAN**","SYOTCCRAN","SY",""
"22903","**SY OTCGROI**","SYOTCGROI","SY",""
"25000","***Annuity Mortgage","Annuity MG","MG",""
"25001","Annuity Type Loan 1","Annuity Loan 1","MG",""
"25002","**Annuity Type Loans 2**","Annuity Loan 2","MG",""
"25003","****Annuity Type Loan 3****","Annuity Loan 3","MG",""
"25004","****Annuity Type Loan 4****","Annuity Loan 4","MG",""
"25010","****Not Used****","Not used","MG",""
"25011","****Not used****","Not used","MG",""
"25012","****Not Used****","Not used","MG",""
"25013","****Not Used****","Not used","MG",""
"25014","****Not Used****","Not used","MG",""
"25031","****Not Used****","Not used","MG",""
"25041","****Not Used****","Not used","MG",""
"25090","****Not used****","Not used","MG",""
"25099","****Annuity Mortgage****","Annuity MG","MG",""
"25100","****Linear Mortgages****","Ln Mortgages","MG",""
"25101","****Linear Type Loan 1****","Linear Loan 1","MG",""
"25102","***Linear Type Loan 2***","Linear Loan 2","MG",""
"25103","****Linear Type Loan 3****","Linear Loan 3","MG",""
"25104","Linear Type Loan 4","Linear Loan 4","MG",""
"25190","****Not used****","Not used","MG",""
"25199","****Linear Mortgages****","Linear Mortgage","MG",""
"25200","***Savings Mortgage***","Savings Mortgag","MG",""
"25201","Other Loan - Savings","Other Ln Saving","MG",""
"25290","****Not Used****","Not used","MG",""
"25299","***Savings Mortgage***","Saving Mortgage","MG",""
"25300","****Non Redemption Mortgage****","NR Mortgage","MG",""
"25301","***Other Loan - Non Redemption***","Oth Ln Non Redn","MG",""
"25390","****Not Used****","Not used","MG",""
"25399","***Non Redemption Mortgage***","NR Mortgage","MG",""
"50000","***Interest Expense","Interest Exp","PL",""
"50001","Interest Expense (1)","Interest Exp(1)","PL",""
"50002","PE Commission","PE Commission","PL",""
"50004","****Not Used****","Not used","PL",""
"50005","****Not Used****","Not used","PL",""
"50006","****Not Used****","Not used","PL",""
"50007","***Not used***","Not used","PL",""
"50008","***Not used***","Not used","PL",""
"50009","****Not used****","Not used","PL",""
"50010","Int Exp (1) - adjust prv year","Int Exp (1)-PY","PL",""
"50011","****Not used****","Not used","PL",""
"50012","***Not used***","Not used","PL",""
"50013","****Not used****","Not used","PL",""
"50014","****Not used****","Not used","PL",""
"50015","****Not used****","Not used","PL",""
"50016","***Not used***","Not used","PL",""
"50017","***Not used***","Not used","PL",""
"50018","****Not used****","Not used","PL",""
"50019","****Not used****","Not used","PL",""
"50020","****Not used****","Not used","PL",""
"50021","****Not used****","Not used","PL",""
"50022","***Not used***","Not used","PL",""
"50023","****Not used****","Not used","PL",""
"50024","****Not used****","Not used","PL",""
"50027","****Not Used****","Not Used","PL",""
"50028","****Not used****","Not used","PL",""
"50029","****Not used****","Not used","PL",""
"50031","****Not used****","Not used","PL",""
"50032","****Not used****","Not used","PL",""
"50055","IFRS Deposit Adjustment Cur Month","IFRSDepadj CM","PL",""
"50056","IFRS Deposit Ajd Previous Month","IFRSDepadj PM","PL",""
"50057","IFRS Deposit Ajd Previous year","IFRSDepadj PY","PL",""
"50100","Interest Expense (2)","Interest Exp(2)","PL",""
"50110","Int Exp (2) - adjust prv year","Int Exp (2) -PY","PL",""
"50500","Int Paid in Advance","Int Pd Adv","PL",""
"50510","Int Paid in Adv -adjust prv year","Int Pd Adv-PY","PL",""
"50999","***Interest Expense","Interest Exp","PL",""
"51000","Interest Income","Interest Inc","PL",""
"51001","Tawaruq Income","TWRQINC","PL",""
"51002","Ijara Income","IJARAINC","PL",""
"51003","Murabaha Income","MRBHAINC","PL",""
"51004","***Not used***","Not used","PL",""
"51005","Interest Income Penalties","IntIncPenalties","PL",""
"51007","****Not used****","Not used","PL",""
"51008","Charge Off","Charge Off","PL",""
"51009","Charge off Spl In","Special Income","PL",""
"51010","Int inc(1) - adjust prv year","Int inc(1) - PY","PL",""
"51011","****Not used****","Not used","PL",""
"51012","****Not used****","Not used","PL",""
"51013","****Not used****","Not used","PL",""
"51014","****Not used****","Not used","PL",""
"51015","****Not used****","Not used","PL",""
"51016","****Not used****","Not used","PL",""
"51017","****Not used****","Not used","PL",""
"51018","****Not used****","Not used","PL",""
"51019","****Not used****","Not used","PL",""
"51020","****Not used****","Not used","PL",""
"51021","****Not used****","Not used","PL",""
"51022","***Not Used","Not Used","PL",""
"51023","****Not used****","Not used","PL",""
"51024","****Not used****","Not used","PL",""
"51027","****Not used****","Not used","PL",""
"51028","****Not used****","Not used","PL",""
"51029","****Not used****","Not used","PL",""
"51031","*****Not used*****","Not used","PL",""
"51032","***Not used***","Not used","PL",""
"51033","****Not used****","Not used","PL",""
"51055","IFRS Adjustment Current Month","IFRSAdj CurMon","PL",""
"51056","IFRS Adjustment Previous Month","IFRSAdj PrevMon","PL",""
"51057","IFRS Adjustment Previous Year","IFRSAdj PrvYear","PL",""
"51058","IFRS Impairment AMC Curr Yr","IF Impair AMC","PL",""
"51059","IFRS Imapirment Amc Prv Year","IF Impair Pr Yr","PL",""
"51060","IFRS Unwind","Unwind","PL",""
"51061","IFRS Unwind previous year","Unwind Preyear","PL",""
"51062","IFRS Disclosure","Disclosure","PL",""
"51063","IFRS Disclosure Prv year","Disclosure Pr Y","PL",""
"51064","IF Imp Amc Adjust","IF IMP AMC ADJ","PL",""
"51065","IF Imp Amc Adj Py","Imp Amc Adj Py","PL",""
"51066","IF Fair Value Adj","IF FV Adj","PL",""
"51067","IF Fair Value Adj Pr Yr","IF Fv Adj Pr Yr","PL",""
"51068","IF Impair Fair Value","IF Impair FV","PL",""
"51069","IF Impair Fair Value Pre Year","IF Imp FV Pr Yr","PL",""
"51070","IF Imp Fv Adj Dec","Imp Fv Adj Dec","PL",""
"51071","Imp Fv Adj Dec Pr Yr","Imp Fv Adj pryr","PL",""
"51072","Impair Fv Adj Inc","Imp Fv Adj Inc","PL",""
"51073","Imp Fv Adj Inc Pr Yr","Imp Fv Adj Inc","PL",""
"51074","IFRS Adjustment Current Month","IFRSAdj CurMon","PL",""
"51075","IFRS Adjustment Previous Year","IFRSAdj PrvYear","PL",""
"51076","IFRS Impairment AMC Curr Yr","IF Impair AMC","PL",""
"51077","IFRS Imapirment Amc Prv Year","IF Impair Pr Yr","PL",""
"51078","IFRS Unwind","Unwind","PL",""
"51079","IFRS Unwind previous year","Unwind Preyear","PL",""
"51080","IF Imp Amc Adjust","IF IMP AMC ADJ","PL",""
"51081","IF Imp Amc Adj Py","Imp Amc Adj Py","PL",""
"51082","Amortised Under Impairment","Amc under Imp","PL",""
"51083","Amortised Under Impairment Pr Yr","Amc undr Imp Py","PL",""
"51084","IF Fair Value Adj","IF FV Adj","PL",""
"51085","IF Fair Value Adj Pr Yr","IF Fv Adj Pr Yr","PL",""
"51086","IF Impair Fair Value","IF Impair FV","PL",""
"51087","IF Impair Fair Value Pre Year","IF Imp FV Pr Yr","PL",""
"51088","IF Imp Fv Adj Dec","Imp Fv Adj Dec","PL",""
"51089","Imp Fv Adj Dec Pr Yr","Imp Fv Adj pryr","PL",""
"51090","Impair Fv Adj Inc","Imp Fv Adj Inc","PL",""
"51091","Imp Fv Adj Inc Pr Yr","Imp Fv Adj Inc","PL",""
"51100","Interest Income (2)","Interest Inc(2)","PL",""
"51110","Int inc(2) - adjust prv year","Int inc(2) - PY","PL",""
"51500","Interest Recd in Advance","Int recdAdv","PL",""
"51510","Int recd in adv - adjust prv year","Int recdAdv-PY","PL",""
"51999","***Interest Income","Interest Inc","PL",""
"52000","***Commission Fees Income","Comm Fees Inc","PL",""
"52001","Account Closure Comm","Acct Close Comm","PL",""
"52002","Cheque Stop payment Charges","Chq Stop Chgs","PL",""
"52003","Cheque Issue Charges","Chq Issue Chgs","PL",""
"52004","Balance Requirement Charges","Balance Req Chg","PL",""
"52005","Transaction Charges","Transaction Chg","PL",""
"52006","Additional Debit Interest","Addn Dr Intt","PL",""
"52007","Intt on Highest Debit","Intt Highest DR","PL",""
"52008","Interest Statement Charges","Intt Stmt Chgs","PL",""
"52009","Number of Credit Charges","No of CR Chgs","PL",""
"52010","Number of Debit Charges","No of DR Chgs","PL",""
"52011","Turnover Credit Chgs","Turnover CR Chg","PL",""
"52012","Turnover Debit Chgs","Turnover DR Chg","PL",""
"52015","Account Closure Writeoff","AR Acc Writeoff","PL",""
"52020","Card Charges","Card Charges","PL",""
"52030","Facility Commission","Facility","PL",""
"52049","***Commission Inc on Accounts","Comm Inc AC","PL",""
"52051","Travellers Chq Comm","Trav Chq Comm","PL",""
"52052","Teller Cash Chgs","Teller Cash Chg","PL",""
"52100","***Commission Inc on FT","Comm Inc FT","PL",""
"52101","Demand Draft Commission","DemandDrftCom","PL",""
"52105","Outward SWIFT Charge","OutwardSWIFT","PL",""
"52106","Outward TELEX Charge","OutwardTELEX","PL",""
"52107","Outward Remittance","OutwardRemit","PL",""
"52108","Inward SWIFT Charge","InwardSWIFT","PL",""
"52109","Inward TELEX Charge","InwardTELEX","PL",""
"52110","Inward Remittance","InwardRemit","PL",""
"52111","FT Cancellation","FT Cancellation","PL",""
"52149","***Commission Inc on FT","Comm Inc FT","PL",""
"52163","Skim Charge Income","Skim Charge Inc","PL",""
"52164","Skim Charge Expense","Skim Charge Exp","PL",""
"52165","Skim Interest Income","Skim Int Income","PL",""
"52166","Skim Interest Income Adj PY","Skm Int Inc Adj","PL",""
"52170","***Commission Inc on MG***","Comm Inc MG","PL",""
"52171","**Mortgage Loan Admin Fee**","MGLoanAdminFee","PL",""
"52172","Admin Fee - Upfront","ADMINFEEUPFRNT","PL",""
"52173","Admin Fee - Monthly","ADMINFEEMNTH","PL",""
"52174","Early Settlement Fee - PERFIN","ERLYSTLMTPF","PL",""
"52175","Partial Settlement Fee","PARTSTMTFE","PL",""
"52180","Bill Batch Charges","Bill Batch Char","PL",""
"52189","*Commission Inc on MG*","Comm Inc MG","PL",""
"52190","****Commission Inc on AZ Loans****","Comm Inc AZ","PL",""
"52191","**AZ Loan Fees**","AZ Loan Fee","PL",""
"52192","Loan Pre Closure Fee","Ln Preclose Fee","PL",""
"52199","***Commission Inc on AZ Loans","Comm Inc AZ","PL",""
"52250","***Commission Inc on AA","Comm Inc AA","PL",""
"52251","Charge Inc from Retail Loans AA","Charge Inc AA","PL",""
"52252","Charge Inc from AA Loans PY","Charge AAloanPY","PL",""
"52255","Charge Inc AA Deposits","Charge AA dep","PL",""
"52256","Charge on AA dep PY","Charge AAdepPY","PL",""
"52299","***Commission Inc on AA","Comm Inc AA","PL",""
"52532","***Not Used***","Not Used","PL",""
"52533","***Not Used***","Not Used","PL",""
"52540","****Not Used****","Not Used","PL",""
"52553","Advisory Fee Accrue PL","Adv Fee Accrual","PL",""
"52668","Commission for Cross Currency CGST","Commission CGST","PL",""
"52680","Other Expenses","Other Expenses","PL",""
"52681","IPO Commission fee","IPO Fee","PL",""
"52682","PE Management Fees","PE Fees","PL",""
"52799","***Commission Fees Income","Comm Fees Inc","PL",""
"52800","***Commission Fees Expense","Comm Fees Exp","PL",""
"52802","Loss on Sale of Participation","LossPartSale","PL",""
"52805","**Brokerage Paid on MG***","BrokPdMG","PL",""
"52809","Retrocession Debit","Retrocession Dr","PL",""
"52831","Brokerage Payable on Swaps","Brok Payable","PL",""
"52999","***Commission Fees Expense","Comm Fees Exp","PL",""
"53000","***A/L Revaluation","A/L Revaluat","PL",""
"53006","Market Exchange Profit","Market Exchange","PL",""
"53007","SC Treasury Profit","SC Treasury Pft","PL",""
"53010","Notes & Coins","Notes & Coins","PL",""
"53020","Precious Metals","Precious Metals","PL",""
"53101","AL Revaluation for IF Position","AL IF Reval","PL",""
"53999","***Revaluation","Revaluation","PL",""
"54000","***Provision","Provision","PL",""
"54005","Loan Loss Provision - Banks","Ln LossPrvBanks","PL",""
"54010","Loan Loss Provn -Clients-Standard","LN Prov-Standd","PL",""
"54015","Loan Loss Provn -Clients-SubStandd","LN Prov-SubStd","PL",""
"54020","Loan Loss Provn -Clients-Doubtful","LN ProvDoubtful","PL",""
"54025","Loan Loss Provn -Clients- Losses","LN Prov-Losses","PL",""
"54026","Standard Provision on Loans","Std Loan Prov","PL",""
"54027","Standard Loan Provision - PY","Std Loan ProvPY","PL",""
"54028","IFRS Provision for Loans","IF Prov Loans","PL",""
"54029","IFRS Provision LoanPY","IF Prov LN PY","PL",""
"54100","General Provision - Loan Loss","GenlProv-LnLoss","PL",""
"54200","Loans Written Off","Loans WOF","PL",""
"54201","Interest on Loans Written Off","Loan Int WOF","PL",""
"54202","Charge on Loan Write off","Loan Charge WOF","PL",""
"54203","AA Loan Written off","AALoan Writeoff","PL",""
"54204","VAT on Loan Write off","VATWO","PL",""
"54211","Write-off Recovery - Principal","WORECPRIN","PL",""
"54212","Write-off Recovery - Profit","WORECPFT","PL",""
"54213","Write-off Recovery - Charges","WORECCHRG","PL",""
"54214","Write-off Recovery - VAT","WORECVAT","PL",""
"54499","***Provision for Credit Losses","ProvforCrLoss","PL",""
"54500","***Recovery of Losses Product Relat","RecovLossProd","PL",""
"54600","Recovery of Loans Written Off","Recov Loans WOF","PL",""
"54999","***Provision","Provision","PL",""
"55000","***Other Regular Income","Oth Reg Inc","PL",""
"55010","Income from Participation","Inc from Partic","PL",""
"55050","Negative Interest Income","Neg Int Income","PL",""
"55051","Negative Interest Income","Neg Int Income","PL",""
"55052","Negative Interest Expense","Neg Int Exp","PL",""
"55053","Negative Interest Expense","Neg Int Exp","PL",""
"55104","Resale Profit","Resale Profit","PL",""
"55105","Resale Loss","Resale Loss","PL",""
"55106","Sale Profit","Sale Profit","PL",""
"55107","Sale Loss","Sale Loss","PL",""
"55108","Review Expense","Review Expense","PL",""
"55109","Impairment of Asset","Impairment","PL",""
"55110","Special Income","Special Income","PL",""
"55111","Return Commodity Profit","Rtn Com Prft","PL",""
"55112","Return Commodity Loss","Rtn Com Loss","PL",""
"55113","Rebate Income","Rebate Income","PL",""
"55114","Broker Fee Income","Bkr Fee Income","PL",""
"55115","Broker Fee Expense","Bkr Fee Expense","PL",""
"55116","Discount from Vendor","DSCTVENDR","PL",""
"55117","Other Fee","OTHERFEE","PL",""
"55118","Legal Fee","LEGALFEE","PL",""
"55119","REPOSSESSION CHARGES","RPSESINCHG","PL",""
"55120","REGISTRATION RENEWAL FEE","REGSFEE","PL",""
"55121","TRAFFIC VIOALATIONN FEE","TRFCVLFEE","PL",""
"55122","DELAY TRANSFER FEE","DELTRNSFEE","PL",""
"55123","INSURANCE REVENUE","INSREVEN","PL",""
"55499","***Other Regular Income","Oth Reg Inc","PL",""
"55510","Confirmation fees","Conf Fees","PL",""
"55512","Inbound Our Charge","Inbound Charge","PL",""
"55513","Transaction service fees","Tran Fees","PL",""
"55514","Transfer Fees","Transfer Fees","PL",""
"55515","PSD Leg-out charge","PSD charge","PL",""
"55516","VAT on principal/charges","VAT charges","PL",""
"55517","Payfix Repair","Payfix Repair","PL",""
"55551","API Cost Yaqeen","COSTYAQAPI","PL",""
"55552","API Cost Nafath Biometric","COSTNFTAPI","PL",""
"55553","API Cost Tahquq","COSTTQQAPI","PL",""
"55554","API Cost SAP","COSTSAPAPI","PL",""
"55555","API Cost Emdah Tawarruq","EMDTWRQAPI","PL",""
"55556","API Cost Emdah Murabaha","EMDMRBHAPI","PL",""
"55557","API Cost Emdah Ijara","EMDIJRAAPI","PL",""
"55558","API Cost IVR Tawarruq","TWRQIVRAPI","PL",""
"55559","API Cost IVR Murabaha","MRBHIVRAPI","PL",""
"55560","API Cost IVR Ijara","IJRAIVRAPI","PL",""
"55561","API Cost SMS Tawarruq","TWRQSMSAPI","PL",""
"55562","API Cost SMS Murabaha","MRBHSMSAPI","PL",""
"55563","API Cost SMS Ijara","IJRASMSAPI","PL",""
"55564","API Cost Qarar Tawarruq","TWRQQRRAPI","PL",""
"55565","API Cost Qarar Murabaha","MRBHQRRAPI","PL",""
"55566","API Cost Qarar Ijara","IJRAQRRAPI","PL",""
"55567","API Cost AML Tawarruq","TWRQAMLAPI","PL",""
"55568","API Cost AML Murabaha","MRBHAMLAPI","PL",""
"55569","API Cost AML Ijara","IJRAAMLAPI","PL",""
"55570","API Cost Iban Verification Tawarruq","TWRQVRFAPI","PL",""
"55571","API Cost Iban Verification Murabaha","MRBHVRFAPI","PL",""
"55572","API Cost Iban Verification Ijara","IJRAVRFAPI","PL",""
"55573","API Cost Simah Upload Tawarruq","TWRQSMUAPI","PL",""
"55574","API Cost Simah Upload Murabaha","MRBHSMUAPI","PL",""
"55575","API Cost Simah Upload Ijara","IJRASMUAPI","PL",""
"55576","API Cost Simah Download Tawarruq","TWRQSMDAPI","PL",""
"55577","API Cost Simah Download Murabaha","MRBHSMDAPI","PL",""
"55578","API Cost Simah Download Ijara","IJRASMDAPI","PL",""
"55579","API Cost Rusoom Tawarruq","TWRQRSMAPI","PL",""
"55580","API Cost Rusoom Murabaha","MRBHRSMAPI","PL",""
"55581","API Cost Rusoom Ijara","IJRARSMAPI","PL",""
"55582","API Cost Nafith Tawarruq","TWRQNFTAPI","PL",""
"55583","API Cost Nafith Murabaha","MRBHNFTAPI","PL",""
"55584","API Cost Nafith Ijara","IJRANFTAPI","PL",""
"55585","API Cost Comm Brkr Twrq","TWRQCMDAPI","PL",""
"55586","API Cost Voucher Prvdr MBHA","MRBHVPRAPI","PL",""
"55587","API Cost Tawtheeq Ijara","IJRATTQAPI","PL",""
"55588","API Cost Tameeni Ijara","IJRATMNAPI","PL",""
"55589","INSURANCE COST","INSCOST","PL",""
"55590","REPOSSESSION CHARGES","RPSESINCHG","PL",""
"55591","REGISTRATION RENEWAL FEE","REGSFEE","PL",""
"55592","TRAFFIC VIOALATIONN FEE","TRFCVLFEE","PL",""
"55593","DELAY TRANSFER FEE","DELTRNSFEE","PL",""
"55594","MARKETING EXPENSE","MARKETINGEXP","PL",""
"59998","***Reserved for Future Use***","Reserved-Future","PL",""
"59999","Adjustment for withholding Tax","Adjt. WH tax","PL",""
"60000","***Personnel Expenses","Persnl Exps","PL",""
"60010","Salaries","Salaries","PL",""
"60020","Bonus","Bonus","PL",""
"60030","Social Security","Social Security","PL",""
"60040","Pension Plan","Pension Plan","PL",""
"60050","Overtime","Overtime","PL",""
"60060","Personnel Expenses 1","Personnel Exp 1","PL",""
"60061","Personnel Expenses 2","Personnel Exp 2","PL",""
"60062","Personnel Expenses 3","Personnel Exp 3","PL",""
"60063","Personnel Expenses 4","Personnel Exp 4","PL",""
"60064","Personnel Expenses 5","Personnel Exp 5","PL",""
"60065","Personnel Expenses 6","Personnel Exp 6","PL",""
"60066","Personnel Expenses 7","Personnel Exp 7","PL",""
"60067","Personnel Expenses 8","Personnel Exp 8","PL",""
"60068","Personnel Expenses 9","Personnel Exp 9","PL",""
"60069","Personnel Expenses 10","Personnel Exp10","PL",""
"60999","***Personnel Expenses","Persnl Exps","PL",""
"61000","***Premises & Building","Prem & Bldg","PL",""
"61005","Rent Paid","Rent Paid","PL",""
"61015","Security & Surveilance","Security&Surv","PL",""
"61025","Cleaning","Cleaning","PL",""
"61035","Repairs & Maintenance","Repairs&Maint","PL",""
"61045","Water Electricity","Water Elect","PL",""
"61046","Other Premises & Building Exp 1","Oth BuildgExp1","PL",""
"61047","Other Premises & Building Exp 2","Oth BuildgExp2","PL",""
"61048","Other Premises & Building Exp 3","Oth BuildgExp3","PL",""
"61049","Other Premises & Building Exp 4","Oth BuildgExp4","PL",""
"61050","Other Premises & Building Exp 5","Oth BuildgExp5","PL",""
"61051","Other Premises & Building Exp 5","Oth BuildgExp5","PL",""
"61052","Other Premises & Building Exp 6","Oth BuildgExp6","PL",""
"61053","Other Premises & Building Exp 7","Oth BuildgExp7","PL",""
"61054","Other Premises & Building Exp 8","Oth BuildgExp8","PL",""
"61055","Other Premises & Building Exp 9","Oth BuildgExp9","PL",""
"61056","Other Premises & Building Exp 10","Oth BuildgExp10","PL",""
"61999","***Premises & Building","Prem & Bldg","PL",""
"62000","***Other Operating Expenses","Oth Oper Exps","PL",""
"62005","IT Expenses","IT Expenses","PL",""
"62006","Rusoom Fee","Rusoom Fee","PL",""
"62007","API Cost - Yaqeen","APICOSTYAQ","PL",""
"62008","API Cost - Nafath Biometric","APICOSTNFT","PL",""
"62009","API Cost - Tahquq","APICOSTTQQ","PL",""
"62010","API Cost - SAP","APICOSTSAP","PL",""
"62011","API Cost - Emdah - Tawarruq","APIEMDTWRQ","PL",""
"62012","API Cost - Emdah - Murabaha","APIEMDMRBH","PL",""
"62013","API Cost - Emdah - Ijara","APIEMDIJRA","PL",""
"62014","API Cost - IVR - Tawarruq","APITWRQIVR","PL",""
"62015","API Cost - IVR - Murabaha","APIMRBHIVR","PL",""
"62016","API Cost - IVR - Ijara","APIIJRAIVR","PL",""
"62017","API Cost - SMS - Tawarruq","APITWRQSMS","PL",""
"62018","API Cost - SMS - Murabaha","APIMRBHSMS","PL",""
"62019","API Cost - SMS - Ijara","APIIJRASMS","PL",""
"62020","API Cost - Qarar - Tawarruq","APITWRQQRR","PL",""
"62021","API Cost - Qarar - Murabaha","APIMRBHQRR","PL",""
"62022","API Cost - Qarar - Ijara","APIIJRAQRR","PL",""
"62023","API Cost - AML - Tawarruq","APITWRQAML","PL",""
"62024","API Cost - AML - Murabaha","APIMRBHAML","PL",""
"62025","API Cost - AML - Ijara","APIIJRAAML","PL",""
"62026","API Cost Iban Verification Tawarruq","APITWRQVRF","PL",""
"62027","API Cost Iban Verification Murabaha","APIMRBHVRF","PL",""
"62028","API Cost Iban Verification Ijara","APIIJRAVRF","PL",""
"62029","API Cost - Simah Upload - Tawarruq","APITWRQSMU","PL",""
"62030","API Cost - Simah Upload - Murabaha","APIMRBHSMU","PL",""
"62031","API Cost - Simah Upload - Ijara","APIIJRASMU","PL",""
"62032","API Cost - Simah Download Tawarruq","APITWRQSMD","PL",""
"62033","API Cost - Simah Download Murabaha","APIMRBHSMD","PL",""
"62034","API Cost - Simah Download Ijara","APIIJRASMD","PL",""
"62035","API Cost - Rusoom - Tawarruq","APITWRQRSM","PL",""
"62036","API Cost - Rusoom - Murabaha","APIMRBHRSM","PL",""
"62037","API Cost - Rusoom - Ijara","APIIJRARSM","PL",""
"62038","API Cost - Nafith - Tawarruq","APITWRQNFT","PL",""
"62039","API Cost - Nafith - Murabaha","APIMRBHNFT","PL",""
"62040","API Cost - Nafith - Ijara","APIIJRANFT","PL",""
"62041","API Cost Commodity Broker Tawarruq","APITWRQCMD","PL",""
"62042","API Cost Voucher Provider Murabaha","APIMRBHVPR","PL",""
"62043","API Cost - Tawtheeq - Ijara","APIIJRATTQ","PL",""
"62044","API Cost - Tameeni - Ijara","APIIJRATMN","PL",""
"62045","SADAD FEE","SADFEE","PL",""
"62050","Communication Exps (Tel","Communicatn Exp","PL",""
"62051","Marketing Expense Tawaruq","MAREXPTWQ","PL",""
"62052","Marketing Expense Murabaha","MAREXPMUR","PL",""
"62053","Marketing Expense Ijarah","MAREXPIJR","PL",""
"62055","Courier Expenses","Courier Expense","PL",""
"62070","Travel","Travel","PL",""
"62090","Insurance","Insurance","PL",""
"62100","Printing & Stationery","Printing & Stat","PL",""
"62140","Books & periodicals","Books & periodi","PL",""
"62160","Advertising","Advertising","PL",""
"62180","***Subscription Fees","Subsc Fees","PL",""
"62181","Reuters","Reuters","PL",""
"62182","Bloomberg","Bloomberg","PL",""
"62183","Telekurs","Telekurs","PL",""
"62199","***Subscription Fees","Subsc Fees","PL",""
"62200","Consumables","Consumables","PL",""
"62220","***Professional Fees Paid","Prof Fees Paid","PL",""
"62221","Legal Fees","Legal Fees","PL",""
"62222","Auditors Fees","Auditors Fees","PL",""
"62229","***Professional Fees Paid","Prof Fees Paid","PL",""
"62230","Management Fees Paid","Mgmnt Fees Paid","PL",""
"62240","Entertainment","Entertainment","PL",""
"62260","Donations & Gifts","Donations&Gifts","PL",""
"62261","Other Operating Expenses 1","Oth Opertg Exp1","PL",""
"62262","Other Operating Expenses 2","Oth Opertg Exp2","PL",""
"62263","Other Operating Expenses 3","Oth Opertg Exp3","PL",""
"62264","Other Operating Expenses 4","Oth Opertg Exp4","PL",""
"62265","Other Operating Expenses 5","Oth Opertg Exp5","PL",""
"62266","Other Operating Expenses 6","Oth Opertg Exp6","PL",""
"62267","Other Operating Expenses 7","Oth Opertg Exp7","PL",""
"62268","Other Operating Expenses 8","Oth Opertg Exp8","PL",""
"62269","Other Operating Expenses 9","Oth Opertg Exp9","PL",""
"62270","Other Operating Expenses 10","Oth OpertgExp10","PL",""
"62999","***Other Operating Expenses","Oth Oper Exps","PL",""
"63000","***Taxes","Taxes","PL",""
"63010","Federal Tax","Federal Tax","PL",""
"63020","Local Tax","Local Tax","PL",""
"63999","***Taxes","Taxes","PL",""
"64000","***Provision for Expenses","Prov for Exps","PL",""
"64499","***Provision for Expenses","Prov for Exps","PL",""
"64500","***Depreciation","Depreciation","PL",""
"64505","Depreciation on Land","Depr on Land","PL",""
"64529","***Depreciation on Land","Depr on Land","PL",""
"64530","***Depreciation on Buildings","Depr on Bldgs","PL",""
"64535","Depr Buildings Own Usage","Depr Bldgs Own","PL",""
"64540","Depr Other Buildings 1","DeprOther Buil1","PL",""
"64541","Depr Other Buildings 2","DeprOther Buil2","PL",""
"64542","Depr Other Buildings 3","DeprOther Buil3","PL",""
"64543","Depr Other Buildings 4","DeprOther Buil4","PL",""
"64544","Depr Other Buildings 5","DeprOther Buil5","PL",""
"64599","***Depreciation on Buildings","Depr on Bldgs","PL",""
"64600","***Depr Movable Assets","DeprMovbleAsts","PL",""
"64605","Depr Furniture/Equipment","Depr Furn/Equip","PL",""
"64610","Depr IT Hardware","Depr IT Hardwar","PL",""
"64615","Depr Software","Depr Software","PL",""
"64620","Depr Vehicles","Depr Vehicles","PL",""
"64625","Depr Other Movable Assets 1","Depr MovbleAs1","PL",""
"64626","Depr Other Movable Assets 2","Depr MovbleAs2","PL",""
"64627","Depr Other Movable Assets 3","Depr MovbleAs3","PL",""
"64628","Depr Other Movable Assets 4","Depr MovbleAs4","PL",""
"64629","Depr Other Movable Assets 5","Depr MovbleAs5","PL",""
"64630","Depr Other Movable Assets 6","Depr MovbleAs6","PL",""
"64631","Depr Other Movable Assets 7","Depr MovbleAs7","PL",""
"64632","Depr Other Movable Assets 8","Depr MovbleAs8","PL",""
"64633","Depr Other Movable Assets 9","Depr MovbleAs9","PL",""
"64634","Depr Other Movable Assets 10","Depr MovbleAs10","PL",""
"64799","***Depr Movable Assets","DeprMovbleAsts","PL",""
"64800","***Depr Other Assets","DeprOthAsts","PL",""
"64999","***Depreciation","Depreciation","PL",""
"65000","***Other Ordinary Income","Oth Ord Income","PL",""
"65005","Rent Received","Rent Received","PL",""
"65499","***Other Ordinary Income","Oth Ord Income","PL",""
"65500","***Other Ordinary Expenses","Oth Ord Exp","PL",""
"65999","***Other Ordinary Expenses","Oth Ord Exp","PL",""
"66000","***Other Extraordinary Income","Oth ExtrOrdInc","PL",""
"66010","Profit from sale of real estate","PrftSale RelEst","PL",""
"66020","Profit from sale of fixed assets","PrftSale fixast","PL",""
"66499","***Other Extraordinary Income","Oth ExtrOrdInc","PL",""
"66500","***Other Extraordinary Expenses","Oth ExtrOrdExp","PL",""
"66510","Loss from sale of real estate","Lossfrmsalereal","PL",""
"66520","Loss from sale of fixed assets","Lossfmsalefixas","PL",""
"66530","Penalties","Penalties","PL",""
"66999","***Other Extraordinary Expenses","OthExtraordexp","PL",""
"69900","MI Cost of Funds","MI Cost ofFunds","PL",""
"69999","Pl Close Out Year End","PL Close","PL",""
"","","","",""