,,,,,,,,,,,
"Account Default List","","","","","","","","","","","Generated Date: 13-NOV-2025 14:17:46"
"","","","","","","","","","","",""
"","","","","","","","","","","",""
"Account Id","Mnemonic","Account Officer","Product","Ccy","Online Actual Bal","Limit Ref","Posting Restrict","Int Booking","Condition Group","Product ",""
"2000001913","","Implementation","Current Account","SAR","968,007.57","","","","99","1001",""
"2000005633","","Implementation","Current Account","SAR","9,950.00","","","","99","1001",""
"2000005641","","Implementation","Current Account","SAR","9,959.00","","","","99","1001",""
"2000005657","","Implementation","Current Account","SAR","9,980.00","","","","99","1001",""
"2000006362","","Implementation","Current Account","SAR","750.00","","","","99","1001",""
"2000006378","","Implementation","Current Account","SAR","250.00","","","","99","1001",""
"2000005609","","Implementation","Current Account","USD","0","","","","99","1001",""
"2000000054","","Implementation","PERFINREPAY","SAR","1,686,048.57","","","","","1342",""
"2000000062","","Implementation","PERFINREPAY","SAR","73,800.00","","","","","1342",""
"2000000078","","Implementation","PERFINREPAY","SAR","7,900.00","","","","","1342",""
"2000000089","","Implementation","PERFINREPAY","SAR","'-98,991.00'","","","","","1342",""
"2000000097","","Implementation","PERFINREPAY","SAR","'-1,909.00'","","","","","1342",""
"2000000108","","Implementation","PERFINREPAY","SAR","'-200,000.00'","","","","","1342",""
"2000000119","","Implementation","PERFINREPAY","SAR","'-999,750.00'","","","","","1342",""
"2000000127","","Implementation","PERFINREPAY","SAR","700.00","","","","","1342",""
"2000000135","","Implementation","PERFINREPAY","SAR","5.75","","","","","1342",""
"2000000143","","Implementation","PERFINREPAY","SAR","215,701.00","","","","","1342",""
"2000000167","","Implementation","PERFINREPAY","SAR","200.00","","","","","1342",""
"2000000186","","Implementation","PERFINREPAY","SAR","200.00","","","","","1342",""
"2000000194","","Implementation","PERFINREPAY","SAR","200.00","","","","","1342",""
"2000000216","","Implementation","PERFINREPAY","SAR","0","","","","","1342",""
"2000000224","","Implementation","PERFINREPAY","SAR","920,954.00","","","","","1342",""
"2000000232","","Implementation","PERFINREPAY","SAR","0","","","","","1342",""
"2000000267","","Implementation","PERFINREPAY","SAR","0","","","","","1342",""
"2000000275","","Implementation","PERFINREPAY","SAR","0","","","","","1342",""
"2000000283","","Implementation","PERFINREPAY","SAR","0","","","","","1342",""
"2000000291","","Implementation","PERFINREPAY","SAR","2,000.00","","","","","1342",""
"2000000305","","Implementation","PERFINREPAY","SAR","0","","","","","1342",""
"2000000313","","Implementation","PERFINREPAY","SAR","0","","","","","1342",""
"2000000337","","Implementation","PERFINREPAY","SAR","0","","","","","1342",""
"2000000348","","Implementation","PERFINREPAY","SAR","112,668.60","","","","","1342",""
"2000000356","","Implementation","PERFINREPAY","SAR","0","","","","","1342",""
"2000000364","","Implementation","PERFINREPAY","SAR","0","","","","","1342",""
"2000000372","","Implementation","PERFINREPAY","SAR","294,520.70","","","","","1342",""
"2000000399","","Implementation","PERFINREPAY","SAR","162,508.48","","","","","1342",""
"2000000445","","Implementation","PERFINREPAY","SAR","0","","","","","1342",""
"2000000461","","Implementation","PERFINREPAY","SAR","0","","","","","1342",""
"2000000477","","Implementation","PERFINREPAY","SAR","0","","","","","1342",""
"2000000488","","Implementation","PERFINREPAY","SAR","0","","","","","1342",""
"2000000496","","Implementation","PERFINREPAY","SAR","0","","","","","1342",""
"2000000507","","Implementation","PERFINREPAY","SAR","0","","","","","1342",""
"2000000518","","Implementation","PERFINREPAY","SAR","0","","","","","1342",""
"2000000526","","Implementation","PERFINREPAY","SAR","0","","","","","1342",""
"2000000534","","Implementation","PERFINREPAY","SAR","0","","","","","1342",""
"2000000542","","Implementation","PERFINREPAY","SAR","0","","","","","1342",""
"2000000558","","Implementation","PERFINREPAY","SAR","0","","","","","1342",""
"2000000569","","Implementation","PERFINREPAY","SAR","0","","","","","1342",""
"2000000577","","Implementation","PERFINREPAY","SAR","0","","","","","1342",""
"2000000585","","Implementation","PERFINREPAY","SAR","0","","","","","1342",""
"2000000615","","Implementation","PERFINREPAY","SAR","0","","","","","1342",""
"2000000623","","Implementation","PERFINREPAY","SAR","0","","","","","1342",""
"2000000631","","Implementation","PERFINREPAY","SAR","0","","","","","1342",""
"2000000647","","Implementation","PERFINREPAY","SAR","6,949.50","","","","","1342",""
"2000000666","","Implementation","PERFINREPAY","SAR","0","","","","","1342",""
"2000000674","","Implementation","PERFINREPAY","SAR","0","","","","","1342",""
"2000000682","","Implementation","PERFINREPAY","SAR","0","","","","","1342",""
"2000000698","","Implementation","PERFINREPAY","SAR","0","","","","","1342",""
"2000000704","","Implementation","PERFINREPAY","SAR","0","","","","","1342",""
"2000000712","","Implementation","PERFINREPAY","SAR","0","","","","","1342",""
"2000000728","","Implementation","PERFINREPAY","SAR","0","","","","","1342",""
"2000000739","","Implementation","PERFINREPAY","SAR","0","","","","","1342",""
"2000000747","","Implementation","PERFINREPAY","SAR","0","","","","","1342",""
"2000000755","","Implementation","PERFINREPAY","SAR","0","","","","","1342",""
"2000000763","","Implementation","PERFINREPAY","SAR","0","","","","","1342",""
"2000000771","","Implementation","PERFINREPAY","SAR","0","","","","","1342",""
"2000000787","","Implementation","PERFINREPAY","SAR","0","","","","","1342",""
"2000000798","","Implementation","PERFINREPAY","SAR","0","","","","","1342",""
"2000000801","","Implementation","PERFINREPAY","SAR","300,000.00","","","","","1342",""
"2000000836","","Implementation","PERFINREPAY","SAR","0","","","","","1342",""
"2000000844","","Implementation","PERFINREPAY","SAR","0","","","","","1342",""
"2000000852","","Implementation","PERFINREPAY","SAR","0","","","","","1342",""
"2000000868","","Implementation","PERFINREPAY","SAR","0","","","","","1342",""
"2000000879","","Implementation","PERFINREPAY","SAR","0","","","","","1342",""
"2000000887","","Implementation","PERFINREPAY","SAR","0","","","","","1342",""
"2000000895","","Implementation","PERFINREPAY","SAR","0","","","","","1342",""
"2000000909","","Implementation","PERFINREPAY","SAR","0","","","","","1342",""
"2000000917","","Implementation","PERFINREPAY","SAR","15,000.00","","","","","1342",""
"2000000925","","Implementation","PERFINREPAY","SAR","12,346.00","","","","","1342",""
"2000000941","","Implementation","PERFINREPAY","SAR","0","","","","","1342",""
"2000000957","","Implementation","PERFINREPAY","SAR","11,563.54","","","","","1342",""
"2000000976","","Implementation","PERFINREPAY","SAR","12,618.20","","","","","1342",""
"2000000992","","Implementation","PERFINREPAY","SAR","4,000.00","","","","","1342",""
"2000001018","","Implementation","PERFINREPAY","SAR","49,170.64","","","","","1342",""
"2000001034","","Implementation","PERFINREPAY","SAR","0","","","","","1342",""
"2000001042","","Implementation","PERFINREPAY","SAR","0","","","","","1342",""
"2000001058","","Implementation","PERFINREPAY","SAR","0","","","","","1342",""
"2000001069","","Implementation","PERFINREPAY","SAR","'-288.00'","","","","","1342",""
"2000001077","","Implementation","PERFINREPAY","SAR","'-18.17'","","","","","1342",""
"2000001107","","Implementation","PERFINREPAY","SAR","0","","","","","1342",""
"2000001115","","Implementation","PERFINREPAY","SAR","0","","","","","1342",""
"2000001123","","Implementation","PERFINREPAY","SAR","0","","","","","1342",""
"2000001131","","Implementation","PERFINREPAY","SAR","0","","","","","1342",""
"2000001147","","Implementation","PERFINREPAY","SAR","'-18.84'","","","","","1342",""
"2000001158","","Implementation","PERFINREPAY","SAR","0","","","","","1342",""
"2000001166","","Implementation","PERFINREPAY","SAR","0","","","","","1342",""
"2000001182","","Implementation","PERFINREPAY","SAR","0","","","","","1342",""
"2000001198","","Implementation","PERFINREPAY","SAR","0","","","","","1342",""
"2000001204","","Implementation","PERFINREPAY","SAR","0","","","","","1342",""
"2000001212","","Implementation","PERFINREPAY","SAR","0","","","","","1342",""
"2000001228","","Implementation","PERFINREPAY","SAR","0","","","","","1342",""
"2000001239","","Implementation","PERFINREPAY","SAR","0","","","","","1342",""
"2000001247","","Implementation","PERFINREPAY","SAR","74,931.00","","","","","1342",""
"2000001263","","Implementation","PERFINREPAY","SAR","0","","","","","1342",""
"2000001271","","Implementation","PERFINREPAY","SAR","0","","","","","1342",""
"2000001287","","Implementation","PERFINREPAY","SAR","0","","","","","1342",""
"2000001301","","Implementation","PERFINREPAY","SAR","1,352.44","","","","","1342",""
"2000001328","","Implementation","PERFINREPAY","SAR","0","","","","","1342",""
"2000001336","","Implementation","PERFINREPAY","SAR","0","","","","","1342",""
"2000001344","","Implementation","PERFINREPAY","SAR","0","","","","","1342",""
"2000001352","","Implementation","PERFINREPAY","SAR","0","","","","","1342",""
"2000001368","","Implementation","PERFINREPAY","SAR","'-11,880.00'","","","","","1342",""
"2000001387","","Implementation","PERFINREPAY","SAR","500.00","","","","","1342",""
"2000001409","","Implementation","PERFINREPAY","SAR","0","","","","","1342",""
"2000001417","","Implementation","PERFINREPAY","SAR","0","","","","","1342",""
"2000001425","","Implementation","PERFINREPAY","SAR","296,550.00","","","","","1342",""
"2000001433","","Implementation","PERFINREPAY","SAR","0","","","","","1342",""
"2000001457","","Implementation","PERFINREPAY","SAR","0","","","","","1342",""
"2000001468","","Implementation","PERFINREPAY","SAR","300,000.00","","","","","1342",""
"2000001484","","Implementation","PERFINREPAY","SAR","0","","","","","1342",""
"2000001492","","Implementation","PERFINREPAY","SAR","0","","","","","1342",""
"2000001506","","Implementation","PERFINREPAY","SAR","14,171.95","","","","","1342",""
"2000001522","","Implementation","PERFINREPAY","SAR","0","","","","","1342",""
"2000001538","","Implementation","PERFINREPAY","SAR","'-3,450.00'","","","","","1342",""
"2000001557","","Implementation","PERFINREPAY","SAR","268,217.60","","","","","1342",""
"2000001573","","Implementation","PERFINREPAY","SAR","0","","","","","1342",""
"2000001581","","Implementation","PERFINREPAY","SAR","25,000.00","","","","","1342",""
"2000001603","","Implementation","PERFINREPAY","SAR","0","","","","","1342",""
"2000001611","","Implementation","PERFINREPAY","SAR","0","","","","","1342",""
"2000001627","","Implementation","PERFINREPAY","SAR","0","","","","","1342",""
"2000001638","","Implementation","PERFINREPAY","SAR","0","","","","","1342",""
"2000001646","","Implementation","PERFINREPAY","SAR","0","","","","","1342",""
"2000001654","","Implementation","PERFINREPAY","SAR","0","","","","","1342",""
"2000001662","","Implementation","PERFINREPAY","SAR","0","","","","","1342",""
"2000001678","","Implementation","PERFINREPAY","SAR","0","","","","","1342",""
"2000001689","","Implementation","PERFINREPAY","SAR","0","","","","","1342",""
"2000001697","","Implementation","PERFINREPAY","SAR","0","","","","","1342",""
"2000001708","","Implementation","PERFINREPAY","SAR","0","","","","","1342",""
"2000001719","","Implementation","PERFINREPAY","SAR","0","","","","","1342",""
"2000001727","","Implementation","PERFINREPAY","SAR","0","","","","","1342",""
"2000001735","","Implementation","PERFINREPAY","SAR","9,603.78","","","","","1342",""
"2000001743","","Implementation","PERFINREPAY","SAR","23,003.14","","","","","1342",""
"2000001767","","Implementation","PERFINREPAY","SAR","0.00","","","","","1342",""
"2000001786","","Implementation","PERFINREPAY","SAR","199,030.72","","","","","1342",""
"2000001808","","Implementation","PERFINREPAY","SAR","96,883.48","","","","","1342",""
"2000001832","","Implementation","PERFINREPAY","SAR","75,001.00","","","","","1342",""
"2000001848","","Implementation","PERFINREPAY","SAR","441,995.44","","","","","1342",""
"2000001875","","Implementation","PERFINREPAY","SAR","0","","","","","1342",""
"2000001883","","Implementation","PERFINREPAY","SAR","0","","","","","1342",""
"2000001891","","Implementation","PERFINREPAY","SAR","'-8,493.92'","","","","","1342",""
"2000001921","","Implementation","PERFINREPAY","SAR","0.00","","","","","1342",""
"2000001948","","Implementation","PERFINREPAY","SAR","84,536.72","","","","","1342",""
"2000001964","","Implementation","PERFINREPAY","SAR","0","","","","","1342",""
"2000001972","","Implementation","PERFINREPAY","SAR","0","","","","","1342",""
"2000001988","","Implementation","PERFINREPAY","SAR","0","","","","","1342",""
"2000001999","","Implementation","PERFINREPAY","SAR","0","","","","","1342",""
"2000002006","","Implementation","PERFINREPAY","SAR","29,655.00","","","","","1342",""
"2000002022","","Implementation","PERFINREPAY","SAR","5.75","","","","","1342",""
"2000002049","","Implementation","PERFINREPAY","SAR","7,687.56","","","","","1342",""
"2000002065","","Implementation","PERFINREPAY","SAR","10,930.68","","","","","1342",""
"2000002081","","Implementation","PERFINREPAY","SAR","6,482.77","","","","","1342",""
"2000002103","","Implementation","PERFINREPAY","SAR","0","","","","","1342",""
"2000002111","","Implementation","PERFINREPAY","SAR","0","","","","","1342",""
"2000002127","","Implementation","PERFINREPAY","SAR","9,991.92","","","","","1342",""
"2000002138","","Implementation","PERFINREPAY","SAR","8,013.42","","","","","1342",""
"2000002162","","Implementation","PERFINREPAY","SAR","0","","","","","1342",""
"2000002178","","Implementation","PERFINREPAY","SAR","0.00","","","","","1342",""
"2000002189","","Implementation","PERFINREPAY","SAR","0","","","","","1342",""
"2000002208","","Implementation","PERFINREPAY","SAR","8,388.13","","","","","1342",""
"2000002227","","Implementation","PERFINREPAY","SAR","14,633.42","","","","","1342",""
"2000002243","","Implementation","PERFINREPAY","SAR","0","","","","","1342",""
"2000002251","","Implementation","PERFINREPAY","SAR","0","","","","","1342",""
"2000002267","","Implementation","PERFINREPAY","SAR","0","","","","","1342",""
"2000002278","","Implementation","PERFINREPAY","SAR","7,420.47","","","","","1342",""
"2000002286","","Implementation","PERFINREPAY","SAR","0","","","","","1342",""
"2000002308","","Implementation","PERFINREPAY","SAR","0","","","","","1342",""
"2000002316","","Implementation","PERFINREPAY","SAR","0","","","","","1342",""
"2000002324","","Implementation","PERFINREPAY","SAR","0.00","","","","","1342",""
"2000002348","","Implementation","PERFINREPAY","SAR","0","","","","","1342",""
"2000002359","","Implementation","PERFINREPAY","SAR","0","","","","","1342",""
"2000002367","","Implementation","PERFINREPAY","SAR","'-264.50'","","","","","1342",""
"2000002383","","Implementation","PERFINREPAY","SAR","0","","","","","1342",""
"2000002391","","Implementation","PERFINREPAY","SAR","0.00","","","","","1342",""
"2000002405","","Implementation","PERFINREPAY","SAR","'-1,717.33'","","","","","1342",""
"2000002421","","Implementation","PERFINREPAY","SAR","'-4,455.45'","","","","","1342",""
"2000002456","","Implementation","PERFINREPAY","SAR","3,627.25","","","","","1342",""
"2000002472","","Implementation","PERFINREPAY","SAR","6,261.05","","","","","1342",""
"2000002488","","Implementation","PERFINREPAY","SAR","17,680.38","","","","","1342",""
"2000002499","","Implementation","PERFINREPAY","SAR","6,919.50","","","","","1342",""
"2000002537","","Implementation","PERFINREPAY","SAR","'-14,850.00'","","","","","1342",""
"2000002545","","Implementation","PERFINREPAY","SAR","49,425.00","","","","","1342",""
"2000002577","","Implementation","PERFINREPAY","SAR","9,343.90","","","","","1342",""
"2000002588","","Implementation","PERFINREPAY","SAR","0","","","","","1342",""
"2000002607","","Implementation","PERFINREPAY","SAR","0.00","","","","","1342",""
"2000002626","","Implementation","PERFINREPAY","SAR","23,364.90","","","","","1342",""
"2000002634","","Implementation","PERFINREPAY","SAR","0.00","","","","","1342",""
"2000002658","","Implementation","PERFINREPAY","SAR","9,885.00","","","","","1342",""
"2000002685","","Implementation","PERFINREPAY","SAR","0","","","","","1342",""
"2000002693","","Implementation","PERFINREPAY","SAR","0.00","","","","","1342",""
"2000002707","","Implementation","PERFINREPAY","SAR","0","","","","","1342",""
"2000002715","","Implementation","PERFINREPAY","SAR","'-575.00'","","","","","1342",""
"2000002723","","Implementation","PERFINREPAY","SAR","0.00","","","","","1342",""
"2000002731","","Implementation","PERFINREPAY","SAR","0.00","","","","","1342",""
"2000002774","","Implementation","PERFINREPAY","SAR","0.00","","","","","1342",""
"2000002782","","Implementation","PERFINREPAY","SAR","'-403.73'","","","","","1342",""
"2000002812","","Implementation","PERFINREPAY","SAR","4,749.37","","","","","1342",""
"2000002839","","Implementation","PERFINREPAY","SAR","31,207.66","","","","","1342",""
"2000002847","","Implementation","PERFINREPAY","SAR","18,977.19","","","","","1342",""
"2000002887","","Implementation","PERFINREPAY","SAR","18,727.19","","","","","1342",""
"2000002898","","Implementation","PERFINREPAY","SAR","46,817.98","","","","","1342",""
"2000002928","","Implementation","PERFINREPAY","SAR","18,727.19","","","","","1342",""
"2000002944","","Implementation","PERFINREPAY","SAR","38,010.32","","","","","1342",""
"2000002952","","Implementation","PERFINREPAY","SAR","28,090.79","","","","","1342",""
"2000002987","","Implementation","PERFINREPAY","SAR","22,735.50","","","","","1342",""
"2000003002","","Implementation","PERFINREPAY","SAR","0","","","","","1342",""
"2000003018","","Implementation","PERFINREPAY","SAR","0","","","","","1342",""
"2000003029","","Implementation","PERFINREPAY","SAR","0","","","","","1342",""
"2000003045","","Implementation","PERFINREPAY","SAR","0","","","","","1342",""
"2000003053","","Implementation","PERFINREPAY","SAR","0","","","","","1342",""
"2000003061","","Implementation","PERFINREPAY","SAR","0","","","","","1342",""
"2000003077","","Implementation","PERFINREPAY","SAR","0","","","","","1342",""
"2000003088","","Implementation","PERFINREPAY","SAR","0","","","","","1342",""
"2000003096","","Implementation","PERFINREPAY","SAR","0","","","","","1342",""
"2000003107","","Implementation","PERFINREPAY","SAR","0","","","","","1342",""
"2000003118","","Implementation","PERFINREPAY","SAR","0","","","","","1342",""
"2000003126","","Implementation","PERFINREPAY","SAR","0.00","","","","","1342",""
"2000003142","","Implementation","PERFINREPAY","SAR","24,712.50","","","","","1342",""
"2000003169","","Implementation","PERFINREPAY","SAR","18,727.19","","","","","1342",""
"2000003177","","Implementation","PERFINREPAY","SAR","0","","","","","1342",""
"2000003193","","Implementation","PERFINREPAY","SAR","0","","","","","1342",""
"2000003207","","Implementation","PERFINREPAY","SAR","19,005.16","","","","","1342",""
"2000003223","","Implementation","PERFINREPAY","SAR","0.00","","","","","1342",""
"2000003247","","Implementation","PERFINREPAY","SAR","1,750.00","","","","","1342",""
"2000003258","","Implementation","PERFINREPAY","SAR","0","","","","","1342",""
"2000003266","","Implementation","PERFINREPAY","SAR","16,770.00","","","","","1342",""
"2000003282","","Implementation","PERFINREPAY","SAR","0","","","","","1342",""
"2000003298","","Implementation","PERFINREPAY","SAR","25,701.00","","","","","1342",""
"2000003312","","Implementation","PERFINREPAY","SAR","0","","","","","1342",""
"2000003328","","Implementation","PERFINREPAY","SAR","'-30.00'","","","","","1342",""
"2000003347","","Implementation","PERFINREPAY","SAR","0","","","","","1342",""
"2000003355","","Implementation","PERFINREPAY","SAR","0","","","","","1342",""
"2000003363","","Implementation","PERFINREPAY","SAR","0","","","","","1342",""
"2000003371","","Implementation","PERFINREPAY","SAR","0","","","","","1342",""
"2000003387","","Implementation","PERFINREPAY","SAR","0","","","","","1342",""
"2000003398","","Implementation","PERFINREPAY","SAR","0","","","","","1342",""
"2000003401","","Implementation","PERFINREPAY","SAR","0","","","","","1342",""
"2000003417","","Implementation","PERFINREPAY","SAR","0","","","","","1342",""
"2000003428","","Implementation","PERFINREPAY","SAR","0","","","","","1342",""
"2000003436","","Implementation","PERFINREPAY","SAR","0","","","","","1342",""
"2000003444","","Implementation","PERFINREPAY","SAR","0","","","","","1342",""
"2000003452","","Implementation","PERFINREPAY","SAR","0","","","","","1342",""
"2000003468","","Implementation","PERFINREPAY","SAR","19,665.65","","","","","1342",""
"2000003479","","Implementation","PERFINREPAY","SAR","0","","","","","1342",""
"2000003487","","Implementation","PERFINREPAY","SAR","0","","","","","1342",""
"2000003495","","Implementation","PERFINREPAY","SAR","0","","","","","1342",""
"2000003509","","Implementation","PERFINREPAY","SAR","0","","","","","1342",""
"2000003517","","Implementation","PERFINREPAY","SAR","0","","","","","1342",""
"2000003525","","Implementation","PERFINREPAY","SAR","0","","","","","1342",""
"2000003533","","Implementation","PERFINREPAY","SAR","0","","","","","1342",""
"2000003541","","Implementation","PERFINREPAY","SAR","0","","","","","1342",""
"2000003557","","Implementation","PERFINREPAY","SAR","0","","","","","1342",""
"2000003568","","Implementation","PERFINREPAY","SAR","0","","","","","1342",""
"2000003576","","Implementation","PERFINREPAY","SAR","0","","","","","1342",""
"2000003584","","Implementation","PERFINREPAY","SAR","0","","","","","1342",""
"2000003592","","Implementation","PERFINREPAY","SAR","0","","","","","1342",""
"2000003606","","Implementation","PERFINREPAY","SAR","0","","","","","1342",""
"2000003614","","Implementation","PERFINREPAY","SAR","0","","","","","1342",""
"2000003622","","Implementation","PERFINREPAY","SAR","0","","","","","1342",""
"2000003638","","Implementation","PERFINREPAY","SAR","0","","","","","1342",""
"2000003649","","Implementation","PERFINREPAY","SAR","0","","","","","1342",""
"2000003657","","Implementation","PERFINREPAY","SAR","0","","","","","1342",""
"2000003665","","Implementation","PERFINREPAY","SAR","0","","","","","1342",""
"2000003673","","Implementation","PERFINREPAY","SAR","0","","","","","1342",""
"2000003681","","Implementation","PERFINREPAY","SAR","0","","","","","1342",""
"2000003697","","Implementation","PERFINREPAY","SAR","0","","","","","1342",""
"2000003703","","Implementation","PERFINREPAY","SAR","0","","","","","1342",""
"2000003711","","Implementation","PERFINREPAY","SAR","2,400.00","","","","","1342",""
"2000003738","","Implementation","PERFINREPAY","SAR","16,050.00","","","","","1342",""
"2000003746","","Implementation","PERFINREPAY","SAR","13,000.00","","","","","1342",""
"2000003762","","Implementation","PERFINREPAY","SAR","15,000.00","","","","","1342",""
"2000003778","","Implementation","PERFINREPAY","SAR","0","","","","","1342",""
"2000003789","","Implementation","PERFINREPAY","SAR","47,599.20","","","","","1342",""
"2000003808","","Implementation","PERFINREPAY","SAR","25,326.37","","","","","1342",""
"2000003835","","Implementation","PERFINREPAY","SAR","0","","","","","1342",""
"2000003843","","Implementation","PERFINREPAY","SAR","0","","","","","1342",""
"2000003867","","Implementation","PERFINREPAY","SAR","0","","","","","1342",""
"2000003878","","Implementation","PERFINREPAY","SAR","0","","","","","1342",""
"2000003886","","Implementation","PERFINREPAY","SAR","0","","","","","1342",""
"2000003894","","Implementation","PERFINREPAY","SAR","25,107.90","","","","","1342",""
"2000003916","","Implementation","PERFINREPAY","SAR","0","","","","","1342",""
"2000003924","","Implementation","PERFINREPAY","SAR","0","","","","","1342",""
"2000003932","","Implementation","PERFINREPAY","SAR","0","","","","","1342",""
"2000003959","","Implementation","PERFINREPAY","SAR","0","","","","","1342",""
"2000003967","","Implementation","PERFINREPAY","SAR","0","","","","","1342",""
"2000003975","","Implementation","PERFINREPAY","SAR","0","","","","","1342",""
"2000003983","","Implementation","PERFINREPAY","SAR","0","","","","","1342",""
"2000003991","","Implementation","PERFINREPAY","SAR","0","","","","","1342",""
"2000004009","","Implementation","PERFINREPAY","SAR","0","","","","","1342",""
"2000004017","","Implementation","PERFINREPAY","SAR","0","","","","","1342",""
"2000004025","","Implementation","PERFINREPAY","SAR","0","","","","","1342",""
"2000004033","","Implementation","PERFINREPAY","SAR","0","","","","","1342",""
"2000004041","","Implementation","PERFINREPAY","SAR","0","","","","","1342",""
"2000004057","","Implementation","PERFINREPAY","SAR","0","","","","","1342",""
"2000004068","","Implementation","PERFINREPAY","SAR","0","","","","","1342",""
"2000004076","","Implementation","PERFINREPAY","SAR","0","","","","","1342",""
"2000004084","","Implementation","PERFINREPAY","SAR","0","","","","","1342",""
"2000004092","","Implementation","PERFINREPAY","SAR","0","","","","","1342",""
"2000004106","","Implementation","PERFINREPAY","SAR","0","","","","","1342",""
"2000004114","","Implementation","PERFINREPAY","SAR","0","","","","","1342",""
"2000004122","","Implementation","PERFINREPAY","SAR","0","","","","","1342",""
"2000004149","","Implementation","PERFINREPAY","SAR","0","","","","","1342",""
"2000004157","","Implementation","PERFINREPAY","SAR","0","","","","","1342",""
"2000004165","","Implementation","PERFINREPAY","SAR","0","","","","","1342",""
"2000004173","","Implementation","PERFINREPAY","SAR","0","","","","","1342",""
"2000004181","","Implementation","PERFINREPAY","SAR","0","","","","","1342",""
"2000004197","","Implementation","PERFINREPAY","SAR","0","","","","","1342",""
"2000004203","","Implementation","PERFINREPAY","SAR","0","","","","","1342",""
"2000004211","","Implementation","PERFINREPAY","SAR","0","","","","","1342",""
"2000004227","","Implementation","PERFINREPAY","SAR","0","","","","","1342",""
"2000004238","","Implementation","PERFINREPAY","SAR","0","","","","","1342",""
"2000004254","","Implementation","PERFINREPAY","SAR","0","","","","","1342",""
"2000004262","","Implementation","PERFINREPAY","SAR","0","","","","","1342",""
"2000004278","","Implementation","PERFINREPAY","SAR","0","","","","","1342",""
"2000004289","","Implementation","PERFINREPAY","SAR","0","","","","","1342",""
"2000004297","","Implementation","PERFINREPAY","SAR","0","","","","","1342",""
"2000004308","","Implementation","PERFINREPAY","SAR","0","","","","","1342",""
"2000004319","","Implementation","PERFINREPAY","SAR","0","","","","","1342",""
"2000004327","","Implementation","PERFINREPAY","SAR","0","","","","","1342",""
"2000004343","","Implementation","PERFINREPAY","SAR","8,969.02","","","","","1342",""
"2000004367","","Implementation","PERFINREPAY","SAR","6,613.66","","","","","1342",""
"2000004378","","Implementation","PERFINREPAY","SAR","0","","","","","1342",""
"2000004386","","Implementation","PERFINREPAY","SAR","0.00","","","","","1342",""
"2000004416","","Implementation","PERFINREPAY","SAR","23,000.00","","","","","1342",""
"2000004432","","Implementation","PERFINREPAY","SAR","23,000.00","","","","","1342",""
"2000004475","","Implementation","PERFINREPAY","SAR","23,000.00","","","","","1342",""
"2000004491","","Implementation","PERFINREPAY","SAR","0","","","","","1342",""
"2000004505","","Implementation","PERFINREPAY","SAR","0.00","","","","","1342",""
"2000004521","","Implementation","PERFINREPAY","SAR","0","","","","","1342",""
"2000004537","","Implementation","PERFINREPAY","SAR","0.00","","","","","1342",""
"2000004548","","Implementation","PERFINREPAY","SAR","0","","","","","1342",""
"2000004564","","Implementation","PERFINREPAY","SAR","0","","","","","1342",""
"2000004572","","Implementation","PERFINREPAY","SAR","0","","","","","1342",""
"2000004588","","Implementation","PERFINREPAY","SAR","0.00","","","","","1342",""
"2000004602","","Implementation","PERFINREPAY","SAR","0.00","","","","","1342",""
"2000004629","","Implementation","PERFINREPAY","SAR","23,000.00","","","","","1342",""
"2000004645","","Implementation","PERFINREPAY","SAR","0","","","","","1342",""
"2000004653","","Implementation","PERFINREPAY","SAR","2,056.72","","","","","1342",""
"2000004677","","Implementation","PERFINREPAY","SAR","0","","","","","1342",""
"2000004688","","Implementation","PERFINREPAY","SAR","0","","","","","1342",""
"2000004696","","Implementation","PERFINREPAY","SAR","'-19,770.00'","","","","","1342",""
"2000004718","","Implementation","PERFINREPAY","SAR","0","","","","","1342",""
"2000004726","","Implementation","PERFINREPAY","SAR","19,770.00","","","","","1342",""
"2000004758","","Implementation","PERFINREPAY","SAR","20,000.00","","","","","1342",""
"2000004785","","Implementation","PERFINREPAY","SAR","9,885.00","","","","","1342",""
"2000004807","","Implementation","PERFINREPAY","SAR","0","","","","","1342",""
"2000004815","","Implementation","PERFINREPAY","SAR","0","","","","","1342",""
"2000004831","","Implementation","PERFINREPAY","SAR","0.00","","","","","1342",""
"2000004858","","Implementation","PERFINREPAY","SAR","18,741.64","","","","","1342",""
"2000004874","","Implementation","PERFINREPAY","SAR","65,117.44","","","","","1342",""
"2000004898","","Implementation","PERFINREPAY","SAR","39,540.00","","","","","1342",""
"2000004912","","Implementation","PERFINREPAY","SAR","0","","","","","1342",""
"2000004939","","Implementation","PERFINREPAY","SAR","0","","","","","1342",""
"2000004947","","Implementation","PERFINREPAY","SAR","2,940.54","","","","","1342",""
"2000004963","","Implementation","PERFINREPAY","SAR","0","","","","","1342",""
"2000004971","","Implementation","PERFINREPAY","SAR","0","","","","","1342",""
"2000004987","","Implementation","PERFINREPAY","SAR","22,076.17","","","","","1342",""
"2000005005","","Implementation","PERFINREPAY","SAR","0","","","","","1342",""
"2000005013","","Implementation","PERFINREPAY","SAR","0","","","","","1342",""
"2000005021","","Implementation","PERFINREPAY","SAR","0","","","","","1342",""
"2000005037","","Implementation","PERFINREPAY","SAR","0","","","","","1342",""
"2000005064","","Implementation","PERFINREPAY","SAR","0","","","","","1342",""
"2000005088","","Implementation","PERFINREPAY","SAR","0","","","","","1342",""
"2000005118","","Implementation","PERFINREPAY","SAR","0","","","","","1342",""
"2000005137","","Implementation","PERFINREPAY","SAR","38,440.47","","","","","1342",""
"2000005153","","Implementation","PERFINREPAY","SAR","0","","","","","1342",""
"2000005161","","Implementation","PERFINREPAY","SAR","'-21,447.62'","","","","","1342",""
"2000005196","","Implementation","PERFINREPAY","SAR","0","","","","","1342",""
"2000005218","","Implementation","PERFINREPAY","SAR","51,936.42","","","","","1342",""
"2000005242","","Implementation","PERFINREPAY","SAR","0","","","","","1342",""
"2000005277","","Implementation","PERFINREPAY","SAR","0","","","","","1342",""
"2000005293","","Implementation","PERFINREPAY","SAR","0","","","","","1342",""
"2000005358","","Implementation","PERFINREPAY","SAR","0","","","","","1342",""
"2000005374","","Implementation","PERFINREPAY","SAR","0","","","","","1342",""
"2000005382","","Implementation","PERFINREPAY","SAR","0","","","","","1342",""
"2000005428","","Implementation","PERFINREPAY","SAR","81,252.43","","","","","1342",""
"2000005501","","Implementation","PERFINREPAY","SAR","22,135.50","","","","","1342",""
"2000005676","","Implementation","PERFINREPAY","SAR","0","","","","","1342",""
"2000005684","","Implementation","PERFINREPAY","SAR","0.00","","","","","1342",""
"2000005692","","Implementation","PERFINREPAY","SAR","5,801.51","","","","","1342",""
"2000005706","","Implementation","PERFINREPAY","SAR","8,447.72","","","","","1342",""
"2000005773","","Implementation","PERFINREPAY","SAR","25,185.00","","","","","1342",""
"2000005797","","Implementation","PERFINREPAY","SAR","10,483.38","","","","","1342",""
"2000005811","","Implementation","PERFINREPAY","SAR","67,756.73","","","","","1342",""
"2000005862","","Implementation","PERFINREPAY","SAR","6,815.71","","","","","1342",""
"2000005897","","Implementation","PERFINREPAY","SAR","8,896.50","","","","","1342",""
"2000005935","","Implementation","PERFINREPAY","SAR","58,268.12","","","","","1342",""
"2000005967","","Implementation","PERFINREPAY","SAR","0","","","","","1342",""
"2000005986","","Implementation","PERFINREPAY","SAR","0","","","","","1342",""
"2000006001","","Implementation","PERFINREPAY","SAR","0","","","","","1342",""
"2000006028","","Implementation","PERFINREPAY","SAR","0","","","","","1342",""
"2000006044","","Implementation","PERFINREPAY","SAR","0","","","","","1342",""
"2000006068","","Implementation","PERFINREPAY","SAR","0","","","","","1342",""
"2000006087","","Implementation","PERFINREPAY","SAR","0","","","","","1342",""
"2000006109","","Implementation","PERFINREPAY","SAR","0","","","","","1342",""
"2000006125","","Implementation","PERFINREPAY","SAR","0","","","","","1342",""
"2000006141","","Implementation","PERFINREPAY","SAR","0","","","","","1342",""
"2000006168","","Implementation","PERFINREPAY","SAR","0","","","","","1342",""
"2000006184","","Implementation","PERFINREPAY","SAR","0","","","","","1342",""
"2000006206","","Implementation","PERFINREPAY","SAR","0","","","","","1342",""
"2000006214","","Implementation","PERFINREPAY","SAR","0","","","","","1342",""
"2000006249","","Implementation","PERFINREPAY","SAR","0","","","","","1342",""
"2000006265","","Implementation","PERFINREPAY","SAR","0","","","","","1342",""
"2000006281","","Implementation","PERFINREPAY","SAR","0","","","","","1342",""
"2000006303","","Implementation","PERFINREPAY","SAR","0","","","","","1342",""
"2000006327","","Implementation","PERFINREPAY","SAR","0","","","","","1342",""
"2000006346","","Implementation","PERFINREPAY","SAR","0","","","","","1342",""
"2000006389","","Implementation","PERFINREPAY","SAR","0","","","","","1342",""
"2000006397","","Implementation","PERFINREPAY","SAR","0","","","","","1342",""
"2000006419","","Implementation","PERFINREPAY","SAR","0","","","","","1342",""
"2000006443","","Implementation","PERFINREPAY","SAR","0","","","","","1342",""
"2000006467","","Implementation","PERFINREPAY","SAR","0","","","","","1342",""
"2000006486","","Implementation","PERFINREPAY","SAR","23,064.67","","","","","1342",""
"2000006508","","Implementation","PERFINREPAY","SAR","79,080.00","","","","","1342",""
"2000006524","","Implementation","PERFINREPAY","SAR","46,817.34","","","","","1342",""
"2000006567","","Implementation","PERFINREPAY","SAR","65,777.76","","","","","1342",""
"2000006591","","Implementation","PERFINREPAY","SAR","20,867.23","","","","","1342",""
"2000006621","","Implementation","PERFINREPAY","SAR","20,528.97","","","","","1342",""
"2000006656","","Implementation","PERFINREPAY","SAR","0","","","","","1342",""
"2000006672","","Implementation","PERFINREPAY","SAR","0","","","","","1342",""
"2000006699","","Implementation","PERFINREPAY","SAR","66,978.78","","","","","1342",""
"2000006718","","Implementation","PERFINREPAY","SAR","0","","","","","1342",""
"2000006745","","Implementation","PERFINREPAY","SAR","63,631.72","","","","","1342",""
"2000006777","","Implementation","PERFINREPAY","SAR","53,747.71","","","","","1342",""
"2000006796","","Implementation","PERFINREPAY","SAR","56,500.80","","","","","1342",""
"2000006842","","Implementation","PERFINREPAY","SAR","0","","","","","1342",""
"2000006858","","Implementation","PERFINREPAY","SAR","50,413.50","","","","","1342",""
"2000006885","","Implementation","PERFINREPAY","SAR","0.00","","","","","1342",""
"2000006915","","Implementation","PERFINREPAY","SAR","0","","","","","1342",""
"2000006947","","Implementation","PERFINREPAY","SAR","54,367.50","","","","","1342",""
"2000006974","","Implementation","PERFINREPAY","SAR","22,735.50","","","","","1342",""
"2000000011","","Implementation","BROSTLACC","SAR","'-38,767.00'","","","","","1343",""
"2000000027","","Implementation","BROSTLACC","SAR","2.00","","","","","1343",""
"2000000038","","Implementation","BROSTLACC","SAR","8,676,463.00","","","","","1343",""
"2000000046","","Implementation","BROSTLACC","SAR","1,130,167.00","","","","","1343",""
"2000000151","","Implementation","Personal Fin","SAR","0.00","1501.03","","","","3114",""
"2000000178","","Implementation","Personal Fin","SAR","'-11,481.57'","1501.01","","","","3114",""
"2000000259","","Implementation","Personal Fin","SAR","0.00","1501.02","","","","3114",""
"2000000321","","Implementation","Personal Fin","SAR","'-275,154.79'","1501.05","","","","3114",""
"2000000388","","Implementation","Personal Fin","SAR","'-265,275.49'","1501.06","","","","3114",""
"2000000402","","Implementation","Personal Fin","SAR","'-229,063.27'","1501.07","","","","3114",""
"2000000437","","Implementation","Personal Fin","SAR","'-11,294.52'","1501.01","","","","3114",""
"2000000453","","Implementation","Personal Fin","SAR","'-125,708.90'","","","","","3114",""
"2000000817","","Implementation","Personal Fin","SAR","0.00","1501.01","","","","3114",""
"2000000933","","Implementation","Personal Fin","SAR","0.00","1501.01","","","","3114",""
"2000000968","","Implementation","Personal Fin","SAR","'-13,216.00'","1501.02","","","","3114",""
"2000000984","","Implementation","Personal Fin","SAR","15,435.74","1501.03","","","","3114",""
"2000001007","","Implementation","Personal Fin","SAR","'-12,544.52'","1501.04","","","","3114",""
"2000001026","","Implementation","Personal Fin","SAR","'-75,296.80'","1501.04","","","","3114",""
"2000001085","","Implementation","Personal Fin","SAR","'-106,333.33'","","","","","3114",""
"2000001255","","Implementation","Personal Fin","SAR","'-90,006.16'","1501.05","","","","3114",""
"2000001298","","Implementation","Personal Fin","SAR","'-820,647.26'","1501.05","","","","3114",""
"2000001395","","Implementation","Personal Fin","SAR","'-17,365.12'","1501.04","","","","3114",""
"2000001441","","Implementation","Personal Fin","SAR","0.00","1501.01","","","","3114",""
"2000001476","","Implementation","Personal Fin","SAR","'-343,438.68'","1501.02","","","","3114",""
"2000001514","","Implementation","Personal Fin","SAR","'-343,438.68'","1501.03","","","","3114",""
"2000001565","","Implementation","Personal Fin","SAR","'-311,656.28'","1501.05","","","","3114",""
"2000001597","","Implementation","Personal Fin","SAR","'-26,881.06'","","","","","3114",""
"2000001751","","Implementation","Personal Fin","SAR","'-9,409.24'","1501.01","","","","3114",""
"2000001778","","Implementation","Personal Fin","SAR","'-91,248.77'","1501.01","","","","3114",""
"2000001794","","Implementation","Personal Fin","SAR","'-14,327.43'","1501.02","","","","3114",""
"2000001816","","Implementation","Personal Fin","SAR","'-12,070.80'","1501.03","","","","3114",""
"2000001824","","Implementation","Personal Fin","SAR","'-11,291.10'","1501.05","","","","3114",""
"2000001859","","Implementation","Personal Fin","SAR","'-574,800.23'","1501.08","","","","3114",""
"2000001956","","Implementation","Personal Fin","SAR","'-92,327.39'","1501.11","","","","3114",""
"2000002014","","Implementation","Personal Fin","SAR","'-30,563.64'","1501.07","","","","3114",""
"2000002057","","Implementation","Personal Fin","SAR","0.00","1501.09","","","","3114",""
"2000002073","","Implementation","Personal Fin","SAR","'-12,899.66'","1501.07","","","","3114",""
"2000002097","","Implementation","Personal Fin","SAR","'-10,300.12'","1501.08","","","","3114",""
"2000002146","","Implementation","Personal Fin","SAR","'-10,189.59'","1501.10","","","","3114",""
"2000002154","","Implementation","Personal Fin","SAR","'-9,357.87'","1501.09","","","","3114",""
"2000002219","","Implementation","Personal Fin","SAR","'-8,337.82'","1501.11","","","","3114",""
"2000002235","","Implementation","Personal Fin","SAR","'-12,228.31'","1501.11","","","","3114",""
"2000002294","","Implementation","Personal Fin","SAR","'-12,897.29'","1501.12","","","","3114",""
"2000002332","","Implementation","Personal Fin","SAR","'-18,627.81'","1501.13","","","","3114",""
"2000002375","","Implementation","Personal Fin","SAR","'-25,697.14'","1501.14","","","","3114",""
"2000002413","","Implementation","Personal Fin","SAR","'-12,420.21'","1501.15","","","","3114",""
"2000002464","","Implementation","Personal Fin","SAR","'-4,609.12'","1501.16","","","","3114",""
"2000002502","","Implementation","Personal Fin","SAR","'-7,242.92'","1501.17","","","","3114",""
"2000002518","","Implementation","Personal Fin","SAR","'-22,985.72'","1501.18","","","","3114",""
"2000002529","","Implementation","Personal Fin","SAR","0.00","1501.14","","","","3114",""
"2000002553","","Implementation","Personal Fin","SAR","'-68,938.36'","1501.19","","","","3114",""
"2000002596","","Implementation","Personal Fin","SAR","'-15,691.78'","1501.01","","","","3114",""
"2000002642","","Implementation","Personal Fin","SAR","0.00","1501.21","","","","3114",""
"2000002669","","Implementation","Personal Fin","SAR","'-10,293.66'","1501.16","","","","3114",""
"2000002747","","Implementation","Personal Fin","SAR","0.00","1501.18","","","","3114",""
"2000002758","","Implementation","Personal Fin","SAR","'-29,461.13'","1501.19","","","","3114",""
"2000002855","","Implementation","Personal Fin","SAR","'-23,984.59'","1501.05","","","","3114",""
"2000002863","","Implementation","Personal Fin","SAR","'-5,328.77'","1501.06","","","","3114",""
"2000002871","","Implementation","Personal Fin","SAR","'-40,038.24'","1501.24","","","","3114",""
"2000002901","","Implementation","Personal Fin","SAR","'-59,961.47'","1501.21","","","","3114",""
"2000002917","","Implementation","Personal Fin","SAR","'-23,984.59'","1501.22","","","","3114",""
"2000002936","","Implementation","Personal Fin","SAR","'-23,984.59'","1501.23","","","","3114",""
"2000002968","","Implementation","Personal Fin","SAR","'-35,976.89'","1501.24","","","","3114",""
"2000002979","","Implementation","Personal Fin","SAR","'-53,538.81'","1501.25","","","","3114",""
"2000003158","","Implementation","Personal Fin","SAR","0.00","1501.26","","","","3114",""
"2000003185","","Implementation","Personal Fin","SAR","'-23,984.59'","1501.01","","","","3114",""
"2000003215","","Implementation","Personal Fin","SAR","'-26,769.41'","1501.26","","","","3114",""
"2000003274","","Implementation","Personal Fin","SAR","'-22,027.40'","1501.03","","","","3114",""
"2000003304","","Implementation","Personal Fin","SAR","0.00","1501.27","","","","3114",""
"2000003727","","Implementation","Personal Fin","SAR","'-25,135.57'","1501.28","","","","3114",""
"2000003754","","Implementation","Personal Fin","SAR","'-14,438.82'","1501.13","","","","3114",""
"2000003797","","Implementation","Personal Fin","SAR","0.00","1501.28","","","","3114",""
"2000003819","","Implementation","Personal Fin","SAR","0.00","1501.06","","","","3114",""
"2000003851","","Implementation","Personal Fin","SAR","'-15,083.47'","1501.14","","","","3114",""
"2000003908","","Implementation","Personal Fin","SAR","0.00","1501.07","","","","3114",""
"2000003948","","Implementation","Personal Fin","SAR","'-32,383.89'","1501.29","","","","3114",""
"2000004335","","Implementation","Personal Fin","SAR","'-11,147.00'","","","","","3114",""
"2000004351","","Implementation","Personal Fin","SAR","0.00","1501.01","","","","3114",""
"2000004394","","Implementation","Personal Fin","SAR","'-9,466.99'","1501.15","","","","3114",""
"2000004408","","Implementation","Personal Fin","SAR","'-12,340.34'","1501.01","","","","3114",""
"2000004424","","Implementation","Personal Fin","SAR","'-25,545.60'","1501.16","","","","3114",""
"2000004448","","Implementation","Personal Fin","SAR","'-24,975.32'","1501.17","","","","3114",""
"2000004483","","Implementation","Personal Fin","SAR","'-25,944.79'","1501.18","","","","3114",""
"2000004513","","Implementation","Personal Fin","SAR","'-24,680.68'","1501.30","","","","3114",""
"2000004556","","Implementation","Personal Fin","SAR","'-24,680.68'","1501.31","","","","3114",""
"2000004599","","Implementation","Personal Fin","SAR","'-30,850.86'","1501.32","","","","3114",""
"2000004618","","Implementation","Personal Fin","SAR","'-24,680.68'","1501.01","","","","3114",""
"2000004637","","Implementation","Personal Fin","SAR","'-26,686.14'","1501.19","","","","3114",""
"2000004661","","Implementation","Personal Fin","SAR","'-23,652.32'","1501.04","","","","3114",""
"2000004742","","Implementation","Personal Fin","SAR","0.00","1501.30","","","","3114",""
"2000004769","","Implementation","Personal Fin","SAR","0.00","1501.31","","","","3114",""
"2000004793","","Implementation","Personal Fin","SAR","'-10,991.78'","1501.02","","","","3114",""
"2000004847","","Implementation","Personal Fin","SAR","'-20,273.42'","1501.05","","","","3114",""
"2000004866","","Implementation","Personal Fin","SAR","'-23,652.32'","1501.33","","","","3114",""
"2000004882","","Implementation","Personal Fin","SAR","0.00","1501.32","","","","3114",""
"2000004904","","Implementation","Personal Fin","SAR","0.00","1501.06","","","","3114",""
"2000004955","","Implementation","Personal Fin","SAR","'-6,598.33'","1501.20","","","","3114",""
"2000004998","","Implementation","Personal Fin","SAR","'-27,559.69'","1501.33","","","","3114",""
"2000005056","","Implementation","Personal Fin","SAR","0","","","","","3114",""
"2000005102","","Implementation","Personal Fin","SAR","'-26,657.79'","1501.21","","","","3114",""
"2000005234","","Implementation","Personal Fin","SAR","'-59,362.41'","1501.07","","","","3114",""
"2000005269","","Implementation","Personal Fin","SAR","'-59,363.36'","1501.08","","","","3114",""
"2000005315","","Implementation","Personal Fin","SAR","'-22,560.68'","1501.34","","","","3114",""
"2000005331","","Implementation","Personal Fin","SAR","'-63,169.92'","1501.09","","","","3114",""
"2000005412","","Implementation","Personal Fin","SAR","'-13,536.41'","1501.10","","","","3114",""
"2000005439","","Implementation","Personal Fin","SAR","'-10,255.01'","","","","","3114",""
"2000005447","","Implementation","Personal Fin","SAR","'-10,308.41'","","","","","3114",""
"2000005463","","Implementation","Personal Fin","SAR","'-10,313.50'","","","","","3114",""
"2000005471","","Implementation","Personal Fin","SAR","'-9,164.38'","","","","","3114",""
"2000005487","","Implementation","Personal Fin","SAR","0","","","","","3114",""
"2000005498","","Implementation","Personal Fin","SAR","'-24,910.68'","1501.34","","","","3114",""
"2000005528","","Implementation","Personal Fin","SAR","'-10,229.71'","","","","","3114",""
"2000005536","","Implementation","Personal Fin","SAR","'-25,827.74'","1501.22","","","","3114",""
"2000005544","","Implementation","Personal Fin","SAR","'-64,871.98'","1501.36","","","","3114",""
"2000005587","","Implementation","Personal Fin","SAR","'-17,051.23'","","","","","3114",""
"2000005595","","Implementation","Personal Fin","SAR","'-21,063.29'","","","","","3114",""
"2000005757","","Implementation","Personal Fin","SAR","'-6,232.80'","1501.37","","","","3114",""
"2000005765","","Implementation","Personal Fin","SAR","'-10,143.98'","1501.38","","","","3114",""
"2000005838","","Implementation","Personal Fin","SAR","'-28,636.57'","1501.39","","","","3114",""
"2000005846","","Implementation","Personal Fin","SAR","'-11,087.99'","1501.40","","","","3114",""
"2000005854","","Implementation","Personal Fin","SAR","'-85,610.83'","1501.41","","","","3114",""
"2000005889","","Implementation","Personal Fin","SAR","'-7,749.79'","1501.42","","","","3114",""
"2000005919","","Implementation","Personal Fin","SAR","'-9,557.88'","1501.43","","","","3114",""
"2000005927","","Implementation","Personal Fin","SAR","'-26,393.29'","1501.23","","","","3114",""
"2000005951","","Implementation","Personal Fin","SAR","'-69,968.09'","1501.44","","","","3114",""
"2000006548","","Implementation","Personal Fin","SAR","'-99,917.81'","1501.48","","","","3114",""
"2000006559","","Implementation","Personal Fin","SAR","'-56,299.14'","1501.42","","","","3114",""
"2000006583","","Implementation","Personal Fin","SAR","'-83,247.12'","1501.43","","","","3114",""
"2000006613","","Implementation","Personal Fin","SAR","'-25,093.43'","1501.44","","","","3114",""
"2000006648","","Implementation","Personal Fin","SAR","'-24,271.83'","1501.49","","","","3114",""
"2000006737","","Implementation","Personal Fin","SAR","'-84,743.91'","1501.12","","","","3114",""
"2000006761","","Implementation","Personal Fin","SAR","'-80,509.09'","1501.13","","","","3114",""
"2000006818","","Implementation","Personal Fin","SAR","'-64,614.49'","1501.45","","","","3114",""
"2000006826","","Implementation","Personal Fin","SAR","'-36,519.57'","1501.46","","","","3114",""
"2000006834","","Implementation","Personal Fin","SAR","'-27,671.98'","1501.47","","","","3114",""
"2000006907","","Implementation","Personal Fin","SAR","'-66,981.16'","1501.11","","","","3114",""
"2000006923","","Implementation","Personal Fin","SAR","'-23,599.46'","1501.50","","","","3114",""
"2000006966","","Implementation","Personal Fin","SAR","'-72,234.59'","1501.12","","","","3114",""
"2000006998","","Implementation","Personal Fin","SAR","'-25,672.88'","1501.51","","","","3114",""
"2000004246","ALRBHO","Implementation","Nostro - Banks","SAR","'-399,793.07'","NOSTRO","","","99","5001",""
"SAR102010001","CQCL10201","Implementation","CheqPaid - Coll","SAR","'-2,700.00'","","","","","10201",""
"SAR110100001","LDAC11010","Implementation","Land","SAR","0","","","","","11010",""
"SAR111050001","BUOWN11105","Implementation","Building - Own","SAR","0.00","","","","","11105",""
"SAR111150001","OHBD11115","Implementation","Other Building1","SAR","0","","","","","11115",""
"SAR112050001","FEQUP11205","Implementation","Furniture/Equip","SAR","0","","","","","11205",""
"SAR112100001","ITHW11210","Implementation","IT Hardware","SAR","0","","","","","11210",""
"SAR112150001","SWARE11215","Implementation","Software","SAR","0","","","","","11215",""
"SAR112200001","VHCL11220","Implementation","Vehicles","SAR","0","","","","","11220",""
"SAR112510010","WASH11251","Implementation","TFS Consol","SAR","0","","","","","11251",""
"SAR119100001","PPART11910","Implementation","Permanent Parti","SAR","0","","","","","11910",""
"SAR120100001","CMRC12010","Implementation","Comm Recvble","SAR","0","","","","","12010",""
"SAR120130001","DFACT12013","Implementation","Deffered Chg-AC","SAR","0","","","","","12013",""
"SAR121050001","RCLL12105","Implementation","Rent","SAR","0","","","","","12105",""
"SAR121100001","INCLL12110","Implementation","Insurance","SAR","0","","","","","12110",""
"SAR121150001","TCLL12115","Implementation","Travel","SAR","0","","","","","12115",""
"SAR122050001","TXRCL12205","Implementation","Tax Receivable","SAR","0","","","","","12205",""
"SAR122060001","VATAST1001","Implementation","VAT Asset","SAR","'-6.75'","","","","","12206",""
"SAR122060021","VATASTTRQ","Implementation","VAT Asset","SAR","'-2,347.20'","","","","","12206",""
"SAR122060022","VATASTIJR","Implementation","VAT Asset","SAR","0","","","","","12206",""
"SAR122060023","VATASTMRB","Implementation","VAT Asset","SAR","0","","","","","12206",""
"SAR122150001","USDDEPTAX","Implementation","AA Dep Tax Rec","SAR","0","","","","","12215",""
"SAR126100001","ACCVL12610","Implementation","Accounts Receiv","SAR","0","","","","","12610",""
"SAR126550001","SDBTR12655","Implementation","Sundry Debtors","SAR","0","","","","","12655",""
"SAR128000001","INACC12800","Implementation","Inter-Branc","SAR","0","","","","","12800",""
"SAR129050001","PTCH12905","Implementation","Petty Cash","SAR","1,800.00","","","","","12905",""
"SAR129100001","STCL12910","Implementation","Stamps","SAR","0","","","","","12910",""
"SAR140050001","SUSPE14005","Implementation","Suspense Debit","SAR","'-100.00'","","","","","14005",""
"SAR140100001","SUSPE14010","Implementation","Suspense Credit","SAR","0","","","","","14010",""
"SAR140110001","ALBALENT","","AL Bal.Entry","SAR","0","","","","","14011",""
"SAR140120001","IFBALENT","","IF Bal.Category","SAR","0","","","","","14012",""
"SAR140130001","MDMCROUTAC","Implementation","MDMC ROUTING","SAR","'-250.00'","","","","","14013",""
"SAR140150001","OLSP14015","Implementation","OnlineAcctClose","SAR","0","","","","","14015",""
"SAR140200001","SUSPENSE2","Implementation","Suspense","SAR","0.00","","","","","14020",""
"SAR140220001","CRSP14022","Implementation","CCY Mismatch","SAR","0","","","","","14022",""
"SAR140270001","CHEQU14027","Implementation","CheqRetSusp","SAR","0","","","","","14027",""
"SAR140280001","INCT14028","Implementation","Inw Clg Contra","SAR","0","","","","","14028",""
"SAR140290001","INCL14029","Implementation","Inw Clg Returns","SAR","0","","","","","14029",""
"SAR140300001","INSUP14030","Implementation","Inw Clg Dr Susp","SAR","0","","","","","14030",""
"SAR140310001","ICRSU14031","Implementation","Inw Clg Cr Susp","SAR","0","","","","","14031",""
"SAR140410001","DIREC14041","Implementation","DD Claim","SAR","0","","","","","14041",""
"SAR140420001","DIREC14042","Implementation","DD StandAlone","SAR","0","","","","","14042",""
"SAR140430001","DDSUS14043","Implementation","DD Suspense","SAR","0","","","","","14043",""
"SAR140440001","SUSP1","Implementation","DD Suspense","SAR","0","","","","","14044",""
"SAR140450001","SUSP2","Implementation","Rc suspense","SAR","0","","","","","14045",""
"SAR140460001","DDUS14046","Implementation","Draft Suspense","SAR","0","","","","","14046",""
"SAR140550001","DAILY14055","Implementation","Daily Diff DC","SAR","100.00","","","","","14055",""
"SAR140650001","SUSPE14065","Implementation","Suspense FT","SAR","0.00","","","","","14065",""
"SAR140750001","SPDB14075","Implementation","Susp Debit LMM","SAR","0","","","","","14075",""
"SAR140850001","SPCR14085","Implementation","Susp Credit LMM","SAR","0","","","","","14085",""
"SAR141910001","ASUSP14191","Implementation","Accr Intr Susp","SAR","0","","","","","14191",""
"SAR141920001","BCGSP14192","Implementation","Brok Chg Susp","SAR","0","","","","","14192",""
"SAR141930001","ABASU14193","Implementation","Acct Bal Susp","SAR","0","","","","","14193",""
"SAR146500001","MERSUSPN","Implementation","Merchant Susp","SAR","0","","","","","14650",""
"SAR146600001","RPAYSUSPN","Implementation","Repayment Susp","SAR","0","","","","","14660",""
"SAR146700001","FINCSUSPN","Implementation","Fee Income Susp","SAR","0","","","","","14670",""
"SAR146800001","REFUNSUSPN","Implementation","Refund Susp","SAR","0","","","","","14680",""
"SAR146900001","PASTSUSPN","Implementation","Past Pchse Susp","SAR","0","","","","","14690",""
"SAR147000001","AASUSPENSE","Implementation","AA Suspense","SAR","0","","","","","14700",""
"SAR147010001","AAWOF14701","Implementation","AA write off","SAR","0","","","","","14701",""
"SAR149550001","SPAC14955","Implementation","Netting suspens","SAR","0","","","","","14955",""
"SAR149990001","TSUSP14999","Implementation","Take Over Suspe","SAR","'-5,468.82'","","","","","14999",""
"SAR150050001","MANAG15005","Implementation","Managers Check","SAR","0","","","","","15005",""
"SAR150200001","BEXIS15020","Implementation","Bills Exch Iss","SAR","0","","","","","15020",""
"SAR151050001","OPV15105","Implementation","OD/Loans Genera","SAR","0","","","","","15105",""
"SAR151500001","SPECI15150","Implementation","SpcProv-Standd","SAR","0","","","","","15150",""
"SAR151550001","SPRV15155","Implementation","SpcProv-SubStd","SAR","0","","","","","15155",""
"SAR151600001","PRDB15160","Implementation","SpcProvDoubtful","SAR","0","","","","","15160",""
"SAR151650001","SPCLS15165","Implementation","SpcProv-Losses","SAR","0","","","","","15165",""
"SAR152010001","CHEQU15201","Implementation","ChqssentColl","SAR","0","","","","","15201",""
"SAR152050001","GPRV15205","Implementation","GenlProv Others","SAR","0","","","","","15205",""
"SAR152100001","PROVUNRLSC","Implementation","ProvUnrlSC Loss","SAR","0","","","","","15210",""
"SAR152900001","PVP15290","Implementation","Prov for Partic","SAR","0","","","","","15290",""
"SAR159100001","CHEQU15910","Implementation","ChqsColl Contra","SAR","0","","","","","15910",""
"SAR160050001","PRV16005","Implementation","Prov Depr Land","SAR","0","","","","","16005",""
"SAR161050001","PVBD16105","Implementation","ProvDep BldgOwn","SAR","0","","","","","16105",""
"SAR161100001","PVOT16110","Implementation","ProvDepBldgOth1","SAR","0","","","","","16110",""
"SAR162050001","PVEQP16025","Implementation","ProvDepr Fur/Eq","SAR","0","","","","","16205",""
"SAR162100001","PRVHW16210","Implementation","ProvDepr ITHwre","SAR","0","","","","","16210",""
"SAR162150001","PVFT161215","Implementation","ProvDepr Sware","SAR","0","","","","","16215",""
"SAR162200001","PVHL16220","Implementation","ProvDepr Vehs","SAR","0","","","","","16220",""
"SAR166010001","GITUSD001","","GIT","SAR","0","","","","","16601",""
"SAR166010002","GITUSD002","","GIT","SAR","0","","","","","16601",""
"SAR166010003","GITUSD003","","GIT","SAR","0","","","","","16601",""
"SAR166010004","GITUSD004","","GIT","SAR","0","","","","","16601",""
"SAR166010005","GITUSD005","Implementation","GIT","SAR","0","","","","","16601",""
"SAR166010006","GITUSD006","Implementation","GIT","SAR","0","","","","","16601",""
"SAR166010007","GITUSD007","Implementation","GIT","SAR","0","","","","","16601",""
"SAR166010008","GITUSD008","Implementation","GIT","SAR","0","","","","","16601",""
"SAR166010010","GITUSD010","Implementation","GIT","SAR","0","","","","","16601",""
"SAR166010021","GITTRQ","Implementation","GIT","SAR","0","","","","","16601",""
"SAR166010022","GITIJR","Implementation","GIT","SAR","0","","","","","16601",""
"SAR166010023","GITMRB","Implementation","GIT","SAR","0","","","","","16601",""
"SAR166020001","PORUSD001","","Purchase Order","SAR","0","","","","","16602",""
"SAR166020002","PORUSD002","","Purchase Order","SAR","0","","","","","16602",""
"SAR166020003","PORUSD003","","Purchase Order","SAR","0","","","","","16602",""
"SAR166020004","PORUSD004","","Purchase Order","SAR","0","","","","","16602",""
"SAR166020005","PORUSD005","Implementation","Purchase Order","SAR","0","","","","","16602",""
"SAR166020006","PORUSD006","Implementation","Purchase Order","SAR","0","","","","","16602",""
"SAR166020007","PORUSD007","Implementation","Purchase Order","SAR","0","","","","","16602",""
"SAR166020008","PORUSD008","Implementation","Purchase Order","SAR","0","","","","","16602",""
"SAR166020010","PORUSD010","Implementation","Purchase Order","SAR","0","","","","","16602",""
"SAR166020021","POTRQ","Implementation","Purchase Order","SAR","0","","","","","16602",""
"SAR166020022","POIJR","Implementation","Purchase Order","SAR","0","","","","","16602",""
"SAR166020023","POMRB","Implementation","Purchase Order","SAR","0","","","","","16602",""
"SAR166030001","PURUSD001","","Purchase","SAR","0","","","","","16603",""
"SAR166030002","PURUSD002","","Purchase","SAR","0","","","","","16603",""
"SAR166030003","PURUSD003","","Purchase","SAR","0","","","","","16603",""
"SAR166030004","PURUSD004","","Purchase","SAR","0","","","","","16603",""
"SAR166030005","PURUSD005","Implementation","Purchase","SAR","0","","","","","16603",""
"SAR166030006","PURUSD006","Implementation","Purchase","SAR","0","","","","","16603",""
"SAR166030007","PURUSD007","Implementation","Purchase","SAR","0","","","","","16603",""
"SAR166030008","PURUSD008","Implementation","Purchase","SAR","0","","","","","16603",""
"SAR166030010","PURUSD010","Implementation","Purchase","SAR","0","","","","","16603",""
"SAR166030021","PURTRQ","Implementation","Purchase","SAR","'-1,343,384.69'","","","","","16603",""
"SAR166030022","PURIJR","Implementation","Purchase","SAR","0","","","","","16603",""
"SAR166030023","PURMRB","Implementation","Purchase","SAR","0","","","","","16603",""
"SAR166040001","MULUSD001","","Multisupplier","SAR","0","","","","","16604",""
"SAR166040002","MULUSD002","","Multisupplier","SAR","0","","","","","16604",""
"SAR166040003","MULUSD003","","Multisupplier","SAR","0","","","","","16604",""
"SAR166040005","MULUSD005","Implementation","Multisupplier","SAR","0","","","","","16604",""
"SAR166040006","MULUSD006","Implementation","Multisupplier","SAR","0","","","","","16604",""
"SAR166040007","MULUSD007","Implementation","Multisupplier","SAR","0","","","","","16604",""
"SAR166040008","MULUSD008","Implementation","Multisupplier","SAR","0","","","","","16604",""
"SAR166040010","MULUSD010","Implementation","Multisupplier","SAR","0","","","","","16604",""
"SAR166040022","MULSUPIJR","Implementation","Multisupplier","SAR","0","","","","","16604",""
"SAR166040023","MULSUPMRB","Implementation","Multisupplier","SAR","0","","","","","16604",""
"SAR166050001","DOWNUSD001","","Down Payment","SAR","0","","","","","16605",""
"SAR166050002","DOWNUSD002","","Down Payment","SAR","0","","","","","16605",""
"SAR166050003","DOWNUSD003","","Down Payment","SAR","0","","","","","16605",""
"SAR166050004","DOWNUSD004","","Down Payment","SAR","0","","","","","16605",""
"SAR166050005","DOWNUSD005","Implementation","Down Payment","SAR","0","","","","","16605",""
"SAR166050006","DOWNUSD006","Implementation","Down Payment","SAR","0","","","","","16605",""
"SAR166050007","DOWNUSD007","Implementation","Down Payment","SAR","0","","","","","16605",""
"SAR166050010","DOWNUSD010","Implementation","Down Payment","SAR","0","","","","","16605",""
"SAR166050022","DWPAYIJR","Implementation","Down Payment","SAR","0","","","","","16605",""
"SAR166060001","RETNUSD001","","Retention","SAR","0","","","","","16606",""
"SAR166060002","RETNUSD002","","Retention","SAR","0","","","","","16606",""
"SAR166060003","RETNUSD003","","Retention","SAR","0","","","","","16606",""
"SAR166060004","RETNUSD004","","Retention","SAR","0","","","","","16606",""
"SAR166060005","RETNUSD005","Implementation","Retention","SAR","0","","","","","16606",""
"SAR166060007","RETNUSD007","Implementation","Retention","SAR","0","","","","","16606",""
"SAR166060008","RETNUSD008","Implementation","Retention","SAR","0","","","","","16606",""
"SAR166060010","RETNUSD010","Implementation","Retention","SAR","0","","","","","16606",""
"SAR166070001","LIABUSD001","","Liability Tfr","SAR","0","","","","","16607",""
"SAR166070002","LIABUSD002","","Liability Tfr","SAR","0","","","","","16607",""
"SAR166070003","LIABUSD003","","Liability Tfr","SAR","0","","","","","16607",""
"SAR166070004","LIABUSD004","","Liability Tfr","SAR","0","","","","","16607",""
"SAR166080001","REVUSD001","","Reviewer Pymt","SAR","0","","","","","16608",""
"SAR166080002","REVUSD002","","Reviewer Pymt","SAR","0","","","","","16608",""
"SAR166080003","REVUSD003","","Reviewer Pymt","SAR","0","","","","","16608",""
"SAR166080004","REVUSD004","","Reviewer Pymt","SAR","0","","","","","16608",""
"SAR166080005","REVUSD005","Implementation","Reviewer Pymt","SAR","0","","","","","16608",""
"SAR166080006","REVUSD006","Implementation","Reviewer Pymt","SAR","0","","","","","16608",""
"SAR166080007","REVUSD007","Implementation","Reviewer Pymt","SAR","0","","","","","16608",""
"SAR166080008","REVUSD008","Implementation","Reviewer Pymt","SAR","0","","","","","16608",""
"SAR166080010","REVUSD010","Implementation","Reviewer Pymt","SAR","0","","","","","16608",""
"SAR166090001","REPOUSD001","","Repossess","SAR","0","","","","","16609",""
"SAR166090002","REPOUSD002","","Repossess","SAR","0","","","","","16609",""
"SAR166090003","REPOUSD003","","Repossess","SAR","0","","","","","16609",""
"SAR166090004","REPOUSD004","","Repossess","SAR","0","","","","","16609",""
"SAR166100001","OUTUSD001","","Outright Sale","SAR","0","","","","","16610",""
"SAR166100002","OUTUSD002","","Outright Sale","SAR","0","","","","","16610",""
"SAR166100003","OUTUSD003","","Outright Sale","SAR","0","","","","","16610",""
"SAR166100004","OUTUSD004","","Outright Sale","SAR","0","","","","","16610",""
"SAR166110004","SETUSD004","","Wakala Sett","SAR","0","","","","","16611",""
"SAR166120006","CSALUSD006","Implementation","Sale Settle","SAR","0","","","","","16612",""
"SAR166130007","BYBRUSD007","Implementation","Buy Broker","SAR","0","","","","","16613",""
"SAR166130021","BUYBROTRQ","Implementation","Buy Broker","SAR","0","","","","","16613",""
"SAR166140007","SLBRUSD007","Implementation","Sell Broker","SAR","0","","","","","16614",""
"SAR166140021","SELBROTRQ","Implementation","Sell Broker","SAR","0","","","","","16614",""
"SAR166150001","BOOKCMUSD","Implementation","Int Booking Cm","SAR","0","","","","","16615",""
"SAR166160001","ADJCMUSD","Implementation","Int Adjust Cm","SAR","0","","","","","16616",""
"SAR166170001","BOOKPMUSD","Implementation","Int Booking Pm","SAR","0","","","","","16617",""
"SAR166180001","BOOKPYUSD","Implementation","Int Booking Py","SAR","0","","","","","16618",""
"SAR166190001","WAICMUSD","Implementation","Int Waiving Cm","SAR","0","","","","","16619",""
"SAR166200021","BROFEEPTRQ","Implementation","Bkr Fee Wash Ca","SAR","0","","","","","16620",""
"SAR166200022","BROFEEPIJR","Implementation","Bkr Fee Wash Ca","SAR","0","","","","","16620",""
"SAR166200023","BROFEEPMRB","Implementation","Bkr Fee Wash Ca","SAR","0","","","","","16620",""
"SAR166210021","INVTRQ","Implementation","INVENTORY","SAR","'-9,337,342.31'","","","","","16621",""
"SAR166240021","INSDISTRQ","Implementation","INSDISPAY","SAR","0","","","","","16624",""
"SAR166240022","INSDISIJR","Implementation","INSDISPAY","SAR","0","","","","","16624",""
"SAR166240023","INSDISMRB","Implementation","INSDISPAY","SAR","0","","","","","16624",""
"SAR171050001","RENAD17105","Implementation","Rent recd adv","SAR","0","","","","","17105",""
"SAR171990001","OTPIN17199","Implementation","Oth Prpd Inc","SAR","0","","","","","17199",""
"SAR172050001","TXP17205","Implementation","Tax Payable","SAR","0","","","","","17205",""
"SAR172100001","CPTAX17210","Implementation","CapitalGainsTx","SAR","0","","","","","17210",""
"SAR172150001","WTTAX17215","Implementation","Withholding Tax","SAR","10,809.86","","","","","17215",""
"SAR172170021","VATPAYTRQ","Implementation","VATPAYABLE","SAR","0","","","","","17217",""
"SAR172170022","VATPAYIJR","Implementation","VATPAYABLE","SAR","0","","","","","17217",""
"SAR172170023","VATPAYMRB","Implementation","VATPAYABLE","SAR","0","","","","","17217",""
"SAR172180022","VATPAYDIJR","Implementation","VATPAYDP","SAR","0","","","","","17218",""
"SAR172560001","SADFEE1001","Implementation","SADFEEPAY","SAR","0","","","","","17256",""
"SAR175550001","ACPAY17555","Implementation","Accts Payable","SAR","0","","","","","17555",""
"SAR175600001","BKPAY17560","Implementation","BrokeragePayble","SAR","0","","","","","17560",""
"SAR175660001","INPY17566","Implementation","InsFeeCollPyble","SAR","0","","","","","17566",""
"SAR176050001","SCRE17605","Implementation","Sundry Creditor","SAR","0","","","","","17605",""
"SAR179040022","TAKCLMAIJR","Implementation","TKFLCLMAST","SAR","0","","","","","17904",""
"SAR179050022","TAKCLMLIJR","Implementation","TKFLCLMLIF","SAR","0","","","","","17905",""
"SAR179060001","APISIMU","Implementation","ACPAYSMHU","SAR","0","","","","","17906",""
"SAR179070001","APISIMD","Implementation","ACPAYSMHD","SAR","368.00","","","","","17907",""
"SAR179080001","APIINPAYCL","Implementation","ACPAYRSM","SAR","0","","","","","17908",""
"SAR179090001","APINAFITH","Implementation","ACPAYNFTH","SAR","12,558.00","","","","","17909",""
"SAR179100001","ROSFEE1001","Implementation","RUSFEEPAY","SAR","1,929.15","","","","","17910",""
"SAR179100021","RUSFEEPTRQ","Implementation","RUSFEEPAY","SAR","0","","","","","17910",""
"SAR179100022","RUSFEEPIJR","Implementation","RUSFEEPAY","SAR","0","","","","","17910",""
"SAR179100023","RUSFEEPMRB","Implementation","RUSFEEPAY","SAR","0","","","","","17910",""
"SAR179110001","APIYAK","Implementation","ACPAYYAKN","SAR","0","","","","","17911",""
"SAR179120001","APINAFATH","Implementation","ACPAYNFTH","SAR","0","","","","","17912",""
"SAR179130001","APIEMD","Implementation","ACPAYEMD","SAR","4,195.20","","","","","17913",""
"SAR179140001","APITHQQ","Implementation","ACPAYTQQ","SAR","0","","","","","17914",""
"SAR179150001","APIIVR","Implementation","ACPAYIVR","SAR","0","","","","","17915",""
"SAR179160001","APISMS","Implementation","ACPAYSMS","SAR","0","","","","","17916",""
"SAR179170001","APITMNI","Implementation","ACPAYTMN","SAR","0","","","","","17917",""
"SAR179180001","APIQRR","Implementation","ACPAYQRR","SAR","7,063.40","","","","","17918",""
"SAR179190001","APIAML","Implementation","ACPAYAML","SAR","538.00","","","","","17919",""
"SAR179200001","APIIBAN","Implementation","ACPAYIBVER","SAR","0","","","","","17920",""
"SAR179210001","APICOMBR","Implementation","ACPAYCMDBR","SAR","3,154.00","","","","","17921",""
"SAR179220001","APIVCHRPR","Implementation","ACPAYVPVDR","SAR","0","","","","","17922",""
"SAR179230001","APITTQ","Implementation","ACPAYTTQ","SAR","0","","","","","17923",""
"SAR179240001","APISAP","Implementation","ACPAYSAP","SAR","0","","","","","17924",""
"SAR179250001","STKFEE7925","Implementation","Stock Exch Fees","SAR","0","","","","","17925",""
"SAR179270001","STTAX17927","Implementation","Stamp Tax","SAR","0","","","","","17927",""
"SAR180050001","CAP18005","Implementation","Capital","SAR","0","","","","","18005",""
"SAR180100001","LGRES18010","Implementation","Legal Reserve","SAR","0","","","","","18010",""
"SAR180200001","STRES18020","Implementation","Statutory Reser","SAR","0","","","","","18020",""
"SAR180300001","OTRE18030","Implementation","Other Reserves","SAR","0","","","","","18030",""
"SAR180400001","RENPV18040","Implementation","Retain Earnings","SAR","0","","","","","18040",""
"SAR180450001","RLRST18045","Implementation","Retain Earnings","SAR","0","","","","","18045",""
"SAR180460001","IARETEAR","Implementation","Retain Earnings","SAR","0","","","","","18046",""
"SAR180470001","LRTE18047","Implementation","Retain Earnings","SAR","0","","","","","18047",""
"SAR180480001","RERLS18408","Implementation","IF Ret Earn.","SAR","0","","","","","18048",""
"SAR190050001","CQCL19005","Implementation","CheqsColOuts","SAR","0","","","","","19005",""
"SAR190100001","TCHQ19010","Implementation","TC Stock","SAR","0","","","","","19010",""
"SAR190150001","OFBAL19015","Implementation","Off Bal Limit","SAR","0","","","","","19015",""
"SAR191000001","CTSP19100","Implementation","Cont Diff/Susp","SAR","0","","","","","19100",""
"SAR191050001","NNUT19105","Implementation","Non-util fee Dr","SAR","0","","","","","19105",""
"SAR191100001","NNUFE19110","Implementation","Non-util fee Cr","SAR","0","","","","","19110",""
"SAR195050001","CTRCL19505","Implementation","ContraCheqsCol","SAR","0","","","","","19505",""
"SAR195100001","STCON19510","Implementation","TC Stock Contra","SAR","0","","","","","19510",""
"","","","","","","","","","","",""